/*
Navicat MySQL Data Transfer

Source Server         : local
Source Server Version : 50553
Source Host           : localhost:3306
Source Database       : webgame

Target Server Type    : MYSQL
Target Server Version : 50553
File Encoding         : 65001

Date: 2017-02-12 12:39:49
*/

SET FOREIGN_KEY_CHECKS=0;

-- ----------------------------
-- Table structure for phpore_battles
-- ----------------------------
DROP TABLE IF EXISTS `phpore_battles`;
CREATE TABLE `phpore_battles` (
  `id` int(10) NOT NULL AUTO_INCREMENT,
  `users` char(10) NOT NULL DEFAULT '',
  `php` char(10) NOT NULL,
  `music` char(20) NOT NULL DEFAULT '',
  `background` char(20) NOT NULL DEFAULT '',
  PRIMARY KEY (`id`)
) ENGINE=MyISAM AUTO_INCREMENT=15 DEFAULT CHARSET=utf8;

-- ----------------------------
-- Records of phpore_battles
-- ----------------------------
INSERT INTO `phpore_battles` VALUES ('11', '4', '', 'BossFight.mp3', 'bg.png');
INSERT INTO `phpore_battles` VALUES ('10', '2', '', 'BossFight.mp3', 'bg.png');
INSERT INTO `phpore_battles` VALUES ('12', '2', '', 'BossFight.mp3', 'bg.png');
INSERT INTO `phpore_battles` VALUES ('13', '2', '', 'BossFight.mp3', 'bg.png');
INSERT INTO `phpore_battles` VALUES ('14', '2', '', 'BossFight.mp3', 'bg.png');

-- ----------------------------
-- Table structure for phpore_battles_vars
-- ----------------------------
DROP TABLE IF EXISTS `phpore_battles_vars`;
CREATE TABLE `phpore_battles_vars` (
  `id` int(11) NOT NULL AUTO_INCREMENT,
  `battle_id` int(11) NOT NULL DEFAULT '0',
  `name` char(20) NOT NULL DEFAULT '',
  `value` char(255) NOT NULL DEFAULT '',
  PRIMARY KEY (`id`)
) ENGINE=MyISAM DEFAULT CHARSET=utf8;

-- ----------------------------
-- Records of phpore_battles_vars
-- ----------------------------

-- ----------------------------
-- Table structure for phpore_chatbox
-- ----------------------------
DROP TABLE IF EXISTS `phpore_chatbox`;
CREATE TABLE `phpore_chatbox` (
  `id` int(10) NOT NULL AUTO_INCREMENT,
  `cat_id` char(5) NOT NULL DEFAULT '0',
  `user_id` int(10) unsigned NOT NULL DEFAULT '0',
  `time` int(10) unsigned NOT NULL DEFAULT '0',
  `message` char(100) NOT NULL DEFAULT '',
  PRIMARY KEY (`id`)
) ENGINE=MyISAM AUTO_INCREMENT=419 DEFAULT CHARSET=utf8;

-- ----------------------------
-- Records of phpore_chatbox
-- ----------------------------

-- ----------------------------
-- Table structure for phpore_classes
-- ----------------------------
DROP TABLE IF EXISTS `phpore_classes`;
CREATE TABLE `phpore_classes` (
  `id` int(10) unsigned NOT NULL AUTO_INCREMENT,
  `classname` char(10) NOT NULL DEFAULT '',
  `class_title` char(20) NOT NULL DEFAULT '',
  `selectable` tinyint(1) NOT NULL DEFAULT '0',
  `description` text NOT NULL,
  `charaset` char(20) NOT NULL DEFAULT '',
  `battler` char(20) NOT NULL DEFAULT '',
  `pic_width` mediumint(9) NOT NULL DEFAULT '0',
  `pic_height` mediumint(9) NOT NULL DEFAULT '0',
  `hp_plus` int(11) NOT NULL DEFAULT '0',
  `mp_plus` int(11) NOT NULL DEFAULT '0',
  `attack_plus` int(11) NOT NULL DEFAULT '0',
  `defense_plus` int(11) NOT NULL DEFAULT '0',
  `mind_plus` int(11) NOT NULL DEFAULT '0',
  `agility_plus` int(11) NOT NULL DEFAULT '0',
  `exp_curve` char(100) NOT NULL DEFAULT '',
  `hp_curve` char(100) NOT NULL DEFAULT '',
  `mp_curve` char(100) NOT NULL DEFAULT '',
  `attack_curve` char(100) NOT NULL DEFAULT '',
  `defense_curve` char(100) NOT NULL DEFAULT '',
  `mind_curve` char(100) NOT NULL DEFAULT '',
  `agility_curve` char(100) NOT NULL DEFAULT '',
  PRIMARY KEY (`id`),
  UNIQUE KEY `name` (`classname`) USING BTREE
) ENGINE=InnoDB AUTO_INCREMENT=5 DEFAULT CHARSET=utf8;

-- ----------------------------
-- Records of phpore_classes
-- ----------------------------
INSERT INTO `phpore_classes` VALUES ('1', '', '', '0', '', '', '', '0', '0', '0', '0', '0', '0', '0', '0', '', '', '', '', '', '', '');
INSERT INTO `phpore_classes` VALUES ('2', '猎人', '猎人', '1', '', 'NPC (16).png', 'KHU.png', '96', '96', '552', '0', '58', '57', '20', '26', '2 * sqrt(X) - 230 * X + 337.1 * X * X - 110', '100 * sqrt(X) - 1 * X + 0.8 * X * X - 100', '0', '48 * sqrt(X) - 0.1 * X + 0.05 * X * X - 48', '44 * sqrt(X) - 0.09 * X + 0.05 * X * X - 44', '14 * sqrt(X) - 0.04 * X + 0.02 * X * X - 14', '22 * sqrt(X) - 0.042 * X + 0.009 * X * X - 22');
INSERT INTO `phpore_classes` VALUES ('3', '机械师', '机械师', '1', '', 'NPC (16).png', 'KHU.png', '0', '0', '0', '0', '0', '0', '0', '0', '0', '0', '0', '0', '0', '0', '0');
INSERT INTO `phpore_classes` VALUES ('4', '战士', '战士', '1', '', 'NPC (16).png', 'KHU.png', '0', '0', '0', '0', '0', '0', '0', '0', '2 * sqrt(X) - 230 * X + 337.1 * X * X - 110', '0', '0', '0', '0', '0', '0');

-- ----------------------------
-- Table structure for phpore_config
-- ----------------------------
DROP TABLE IF EXISTS `phpore_config`;
CREATE TABLE `phpore_config` (
  `id` int(10) unsigned NOT NULL AUTO_INCREMENT,
  `cache_dir` varchar(255) NOT NULL DEFAULT '',
  `language` char(10) NOT NULL DEFAULT '',
  `site_desc` varchar(255) NOT NULL DEFAULT '',
  `site_name` varchar(255) NOT NULL DEFAULT '',
  `template` varchar(255) NOT NULL DEFAULT '',
  `time_zone` float NOT NULL DEFAULT '0',
  `use_cache` tinyint(1) NOT NULL DEFAULT '0',
  `tile_size` tinyint(2) NOT NULL DEFAULT '0',
  `tileset_tiles_lower` int(4) NOT NULL DEFAULT '0',
  `tileset_tiles_upper` int(4) NOT NULL DEFAULT '0',
  `tileset_cols` tinyint(4) NOT NULL DEFAULT '0',
  `tileset_bgcolor` varchar(255) NOT NULL DEFAULT '',
  `use_gzip` tinyint(1) NOT NULL DEFAULT '0',
  `refresh_method` tinyint(1) NOT NULL DEFAULT '0',
  `chat_history` int(11) NOT NULL DEFAULT '0',
  `chat_history_time` int(11) NOT NULL DEFAULT '0',
  `day_number` int(11) NOT NULL DEFAULT '0',
  `default_location` varchar(255) NOT NULL DEFAULT '',
  `preset_teleport_sprite` varchar(255) NOT NULL DEFAULT '',
  `optimize_maps` tinyint(1) NOT NULL DEFAULT '0',
  `locked` tinyint(1) NOT NULL DEFAULT '0',
  `vars_test` varchar(255) NOT NULL,
  PRIMARY KEY (`id`)
) ENGINE=InnoDB AUTO_INCREMENT=2 DEFAULT CHARSET=utf8;

-- ----------------------------
-- Records of phpore_config
-- ----------------------------
INSERT INTO `phpore_config` VALUES ('1', 'cache/', 'cn', 'Online Rpg Editor', 'PHPore', 'default', '8', '1', '24', '128', '256', '10', '#00080', '1', '1', '10', '1', '17209', '5,4,4,2', 'teleport_sign.gif', '1', '0', 'valeur');

-- ----------------------------
-- Table structure for phpore_events
-- ----------------------------
DROP TABLE IF EXISTS `phpore_events`;
CREATE TABLE `phpore_events` (
  `id` int(11) unsigned NOT NULL AUTO_INCREMENT,
  `name` char(15) NOT NULL DEFAULT '',
  `picture` char(50) NOT NULL DEFAULT '',
  `pic_width` mediumint(9) NOT NULL DEFAULT '0',
  `pic_height` mediumint(9) NOT NULL DEFAULT '0',
  `dir` char(5) NOT NULL DEFAULT '',
  `text_script` text NOT NULL,
  `script` text NOT NULL,
  `layer` tinyint(1) NOT NULL DEFAULT '0',
  PRIMARY KEY (`id`),
  UNIQUE KEY `name` (`name`) USING BTREE
) ENGINE=InnoDB AUTO_INCREMENT=41 DEFAULT CHARSET=utf8;

-- ----------------------------
-- Records of phpore_events
-- ----------------------------
INSERT INTO `phpore_events` VALUES ('27', 'NPC1', 'NPC (1).png', '96', '96', '0,0,1', 'MESSAGE\r\n你好，需要帮助么？\r\nEND MESSAGE\r\n\r\nCHOICE $choix\r\n我迷路了...\r\n不，谢谢，我很好！\r\nEND CHOICE\r\n\r\nIF $choix = 0\r\nMESSAGE\r\n继续向北，你会发现我们的村庄，你可以去那休息一下。\r\nEND MESSAGE\r\nELSE\r\nMESSAGE\r\n好吧，那么祝你好运。\r\nEND MESSAGE\r\nEND IF', 'YTo4OntpOjA7YToyOntpOjA7aToxO2k6MTthOjE6e2k6MDtzOjI3OiLkvaDlpb3vvIzpnIDopoHluK7liqnkuYjvvJ8iO319aToxO2E6Mjp7aTowO2k6NTtpOjE7YToyOntpOjA7czo1OiJjaG9peCI7aToxO2E6Mjp7aTowO3M6MTU6IuaIkei/t+i3r+S6hi4uLiI7aToxO3M6Mjc6IuS4je+8jOiwouiwou+8jOaIkeW+iOWlve+8gSI7fX19aToyO2E6Mjp7aTowO2k6MDtpOjE7YTo0OntpOjA7czo1OiJjaG9peCI7aToxO2k6MTtpOjI7YjowO2k6MztkOjA7fX1pOjM7YToyOntpOjA7aToxO2k6MTthOjE6e2k6MDtzOjc1OiLnu6fnu63lkJHljJfvvIzkvaDkvJrlj5HnjrDmiJHku6znmoTmnZHluoTvvIzkvaDlj6/ku6XljrvpgqPkvJHmga/kuIDkuIvjgIIiO319aTo0O2E6Mjp7aTowO2k6MDtpOjE7YToxOntpOjA7YjowO319aTo1O2E6Mjp7aTowO2k6MTtpOjE7YToxOntpOjA7czozMDoi5aW95ZCn77yM6YKj5LmI56Wd5L2g5aW96L+Q44CCIjt9fWk6NjthOjI6e2k6MDtpOjA7aToxO2E6Mjp7aTowO2I6MDtpOjE7YjowO319aTo3O2E6Mjp7aTowO2k6LTE7aToxO2E6MDp7fX19', '1');
INSERT INTO `phpore_events` VALUES ('32', 'NPC2', 'NPC (2).png', '96', '96', '0,0,1', 'MESSAGE\r\n穷屌丝，你不能通过 ！在村子里发生了奇怪的事情。\r\nEND MESSAGE', 'YToyOntpOjA7YToyOntpOjA7aToxO2k6MTthOjE6e2k6MDtzOjcwOiLnqbflsYzkuJ3vvIzkvaDkuI3og73pgJrov4cg77yB5Zyo5p2R5a2Q6YeM5Y+R55Sf5LqG5aWH5oCq55qE5LqL5oOF44CCIjt9fWk6MTthOjI6e2k6MDtpOi0xO2k6MTthOjA6e319fQ==', '1');
INSERT INTO `phpore_events` VALUES ('33', 'NPC3', 'NPC (3).png', '96', '96', '0,0,1', 'MESSAGE\r\n为了解决这一问题，我们的战士封锁了村子。当这一切都结束的时候，你就可以回家。\r\nEND MESSAGE', 'YToyOntpOjA7YToyOntpOjA7aToxO2k6MTthOjE6e2k6MDtzOjExNDoi5Li65LqG6Kej5Yaz6L+Z5LiA6Zeu6aKY77yM5oiR5Lus55qE5oiY5aOr5bCB6ZSB5LqG5p2R5a2Q44CC5b2T6L+Z5LiA5YiH6YO957uT5p2f55qE5pe25YCZ77yM5L2g5bCx5Y+v5Lul5Zue5a6244CCIjt9fWk6MTthOjI6e2k6MDtpOi0xO2k6MTthOjA6e319fQ==', '1');
INSERT INTO `phpore_events` VALUES ('34', 'NPC4', 'NPC (4).png', '96', '96', '0,2,1', 'MESSAGE\r\n我担心，我的丈夫是在村子里那一刻......\r\nEND MESSAGE', 'YToyOntpOjA7YToyOntpOjA7aToxO2k6MTthOjE6e2k6MDtzOjU0OiLmiJHmi4Xlv4PvvIzmiJHnmoTkuIjlpKvmmK/lnKjmnZHlrZDph4zpgqPkuIDliLsuLi4uLi4iO319aToxO2E6Mjp7aTowO2k6LTE7aToxO2E6MDp7fX19', '1');
INSERT INTO `phpore_events` VALUES ('35', 'NPC5', 'NPC (5).png', '96', '96', '0,0,1', 'MESSAGE\r\n我看见一个陌生男子在之前进入村庄。\r\nEND MESSAGE', 'YToyOntpOjA7YToyOntpOjA7aToxO2k6MTthOjE6e2k6MDtzOjUxOiLmiJHnnIvop4HkuIDkuKrpmYznlJ/nlLflrZDlnKjkuYvliY3ov5vlhaXmnZHluoTjgIIiO319aToxO2E6Mjp7aTowO2k6LTE7aToxO2E6MDp7fX19', '1');
INSERT INTO `phpore_events` VALUES ('36', '金库存储例子', 'NPC (6).png', '96', '96', '0,0,1', 'PHP\r\n$this->vars[\'points\'] = $user->points;\r\nEND PHP\r\n\r\nIF $USER_loan = 0 \r\n\r\n	MESSAGE HTML \r\n	<b>金库守护者</b><br> \r\n       你好，欢迎来到存储库。 \r\n	G : <i>$points</i>\r\n	END MESSAGE \r\n	\r\n	MESSAGE HTML \r\n	<b>金库守护者</b><br> \r\n	你想做什么？ \r\n	END MESSAGE\r\n	\r\n	CHOICE $action  \r\n	存 \r\n	取 \r\n	贷\r\n	Exit\r\n	END CHOICE \r\n\r\n	IF $action = 0 \r\n\r\n		INPUT_NUMBER $value MESSAGE HTML \r\n		<b>金库守护者</b><br> \r\n		你想存多少？ \r\n		END MESSAGE \r\n\r\n		IF $value <= $points \r\n\r\n			VAR $USER_vault + $value \r\n			VAR $points - $value\r\n\r\n			MESSAGE HTML \r\n			<b>金库守护者</b><br> \r\n			你存了 $value! \r\n			END MESSAGE \r\n\r\n		ELSE \r\n\r\n			MESSAGE HTML \r\n			<b>金库守护者</b><br> \r\n			你没有这么多钱! \r\n			END MESSAGE \r\n\r\n		END IF \r\n\r\n	END IF \r\n\r\n	IF $action = 1 \r\n\r\n		INPUT_NUMBER $value MESSAGE HTML\r\n		<b>金库守护者</b><br> \r\n		你想取多少？ \r\n		END MESSAGE \r\n\r\n		IF $USER_vault >= $value \r\n\r\n			VAR $USER_vault - $value \r\n			VAR $points + $value\r\n\r\n			// 在这用代码更新钱 ！ \r\n\r\n			MESSAGE HTML \r\n			<b>金库守护者</b><br> \r\n			你取了 $value! \r\n			END MESSAGE \r\n\r\n		ELSE \r\n\r\n			MESSAGE HTML \r\n			<b>金库守护者</b><br> \r\n			你并没有存那么多钱！ \r\n			END MESSAGE \r\n\r\n		END IF \r\n\r\n	END IF \r\n\r\n	IF $action = 2 \r\n\r\n		INPUT_NUMBER $value MESSAGE HTML \r\n		<b>金库守护者</b><br> \r\n		你想借多少？ \r\n		END MESSAGE \r\n\r\n		IF $value <= 1000 \r\n\r\n			MESSAGE HTML \r\n			<b>金库守护者</b><br> \r\n			这里是你的钱。 \r\n			记得还，不然，嘿嘿...... \r\n			END MESSAGE \r\n\r\n			VAR $USER_loan = $value \r\n			VAR $points + $value\r\n\r\n			// 在这用代码更新钱 ！ \r\n\r\n		ELSE \r\n\r\n			MESSAGE HTML \r\n			<b>金库守护者</b><br> \r\n			你太屌丝了，不能借那么多钱 ！<br> \r\n			最多借你1000 G \r\n			END MESSAGE \r\n\r\n		END IF \r\n\r\n	END IF \r\n\r\nELSE\r\n\r\n	MESSAGE HTML \r\n	<b>金库守护者</b><br> \r\n	在你还贷前， <br> \r\n	你只能存和取款！ \r\n	END MESSAGE \r\n\r\n	// 在这用代码更新$points钱 ！ \r\n\r\n	IF $points >= $USER_loan \r\n\r\n		MESSAGE HTML \r\n		<b>金库守护者</b><br> \r\n		来还款么？ \r\n		END MESSAGE \r\n\r\n		CHOICE $loan \r\n		Yes \r\n		No, 没钱 \r\n		END CHOICE \r\n\r\n		IF $loan = 0 \r\n\r\n		\r\n		    VAR $points - $USER_loan\r\n			VAR $USER_loan = 0 \r\n			// 在这用代码更新$points钱 \r\n\r\n			MESSAGE HTML \r\n			<b>金库守护者</b><br> \r\n			谢谢，随时欢迎再次使用金库 ！ \r\n			END MESSAGE \r\n\r\n		ELSE \r\n\r\n			MESSAGE HTML \r\n			<b>金库守护者</b><br> \r\n			请稍后再来 ！ \r\n			END MESSAGE \r\n\r\n		END IF \r\n\r\n	END IF \r\n\r\nEND IF\r\n\r\nPHP\r\nif ( $this->vars[\'points\'] != $user->points )\r\n{\r\n	$user->set(\'points\', $this->vars[\'points\']);\r\n}\r\nEND PHP', 'YTo1MTp7aTowO2E6Mjp7aTowO2k6MTE7aToxO2E6MTp7aTowO3M6Mzk6IiR0aGlzLT52YXJzWydwb2ludHMnXSA9ICR1c2VyLT5wb2ludHM7CiI7fX1pOjE7YToyOntpOjA7aTowO2k6MTthOjQ6e2k6MDtzOjk6IlVTRVJfbG9hbiI7aToxO2k6MTtpOjI7YjowO2k6MztkOjA7fX1pOjI7YToyOntpOjA7aToxO2k6MTthOjE6e2k6MDtzOjg4OiIJPGI+6YeR5bqT5a6I5oqk6ICFPC9iPjxicj4gICAgICAgIOS9oOWlve+8jOasoui/juadpeWIsOWtmOWCqOW6k+OAgiAJRyA6IDxpPiRwb2ludHM8L2k+Ijt9fWk6MzthOjI6e2k6MDtpOjE7aToxO2E6MTp7aTowO3M6NDg6Igk8Yj7ph5HlupPlrojmiqTogIU8L2I+PGJyPiAJ5L2g5oOz5YGa5LuA5LmI77yfICI7fX1pOjQ7YToyOntpOjA7aTo1O2k6MTthOjI6e2k6MDtzOjY6ImFjdGlvbiI7aToxO2E6NDp7aTowO3M6NToiCeWtmCAiO2k6MTtzOjU6Ignlj5YgIjtpOjI7czo0OiIJ6LS3IjtpOjM7czo1OiIJRXhpdCI7fX19aTo1O2E6Mjp7aTowO2k6MDtpOjE7YTo0OntpOjA7czo2OiJhY3Rpb24iO2k6MTtpOjE7aToyO2I6MDtpOjM7ZDowO319aTo2O2E6Mjp7aTowO2k6NjtpOjE7YTozOntpOjA7czo1MDoiCQk8Yj7ph5HlupPlrojmiqTogIU8L2I+PGJyPiAJCeS9oOaDs+WtmOWkmuWwke+8nyAiO2k6MTtzOjU6InZhbHVlIjtpOjI7YjoxO319aTo3O2E6Mjp7aTowO2k6MDtpOjE7YTo0OntpOjA7czo1OiJ2YWx1ZSI7aToxO2k6NDtpOjI7YjoxO2k6MztzOjY6InBvaW50cyI7fX1pOjg7YToyOntpOjA7aTo4O2k6MTthOjQ6e2k6MDtzOjEwOiJVU0VSX3ZhdWx0IjtpOjE7aToxO2k6MjtiOjE7aTozO3M6NToidmFsdWUiO319aTo5O2E6Mjp7aTowO2k6ODtpOjE7YTo0OntpOjA7czo2OiJwb2ludHMiO2k6MTtpOjI7aToyO2I6MTtpOjM7czo1OiJ2YWx1ZSI7fX1pOjEwO2E6Mjp7aTowO2k6MTtpOjE7YToxOntpOjA7czo1MToiCQkJPGI+6YeR5bqT5a6I5oqk6ICFPC9iPjxicj4gCQkJ5L2g5a2Y5LqGICR2YWx1ZSEgIjt9fWk6MTE7YToyOntpOjA7aTowO2k6MTthOjE6e2k6MDtiOjA7fX1pOjEyO2E6Mjp7aTowO2k6MTtpOjE7YToxOntpOjA7czo1NjoiCQkJPGI+6YeR5bqT5a6I5oqk6ICFPC9iPjxicj4gCQkJ5L2g5rKh5pyJ6L+Z5LmI5aSa6ZKxISAiO319aToxMzthOjI6e2k6MDtpOjA7aToxO2E6Mjp7aTowO2I6MDtpOjE7YjowO319aToxNDthOjI6e2k6MDtpOjA7aToxO2E6Mjp7aTowO2I6MDtpOjE7YjowO319aToxNTthOjI6e2k6MDtpOjA7aToxO2E6NDp7aTowO3M6NjoiYWN0aW9uIjtpOjE7aToxO2k6MjtiOjA7aTozO2Q6MTt9fWk6MTY7YToyOntpOjA7aTo2O2k6MTthOjM6e2k6MDtzOjUwOiIJCTxiPumHkeW6k+WuiOaKpOiAhTwvYj48YnI+IAkJ5L2g5oOz5Y+W5aSa5bCR77yfICI7aToxO3M6NToidmFsdWUiO2k6MjtiOjE7fX1pOjE3O2E6Mjp7aTowO2k6MDtpOjE7YTo0OntpOjA7czoxMDoiVVNFUl92YXVsdCI7aToxO2k6NTtpOjI7YjoxO2k6MztzOjU6InZhbHVlIjt9fWk6MTg7YToyOntpOjA7aTo4O2k6MTthOjQ6e2k6MDtzOjEwOiJVU0VSX3ZhdWx0IjtpOjE7aToyO2k6MjtiOjE7aTozO3M6NToidmFsdWUiO319aToxOTthOjI6e2k6MDtpOjg7aToxO2E6NDp7aTowO3M6NjoicG9pbnRzIjtpOjE7aToxO2k6MjtiOjE7aTozO3M6NToidmFsdWUiO319aToyMDthOjI6e2k6MDtpOjE7aToxO2E6MTp7aTowO3M6NTE6IgkJCTxiPumHkeW6k+WuiOaKpOiAhTwvYj48YnI+IAkJCeS9oOWPluS6hiAkdmFsdWUhICI7fX1pOjIxO2E6Mjp7aTowO2k6MDtpOjE7YToxOntpOjA7YjowO319aToyMjthOjI6e2k6MDtpOjE7aToxO2E6MTp7aTowO3M6NjQ6IgkJCTxiPumHkeW6k+WuiOaKpOiAhTwvYj48YnI+IAkJCeS9oOW5tuayoeacieWtmOmCo+S5iOWkmumSse+8gSAiO319aToyMzthOjI6e2k6MDtpOjA7aToxO2E6Mjp7aTowO2I6MDtpOjE7YjowO319aToyNDthOjI6e2k6MDtpOjA7aToxO2E6Mjp7aTowO2I6MDtpOjE7YjowO319aToyNTthOjI6e2k6MDtpOjA7aToxO2E6NDp7aTowO3M6NjoiYWN0aW9uIjtpOjE7aToxO2k6MjtiOjA7aTozO2Q6Mjt9fWk6MjY7YToyOntpOjA7aTo2O2k6MTthOjM6e2k6MDtzOjUwOiIJCTxiPumHkeW6k+WuiOaKpOiAhTwvYj48YnI+IAkJ5L2g5oOz5YCf5aSa5bCR77yfICI7aToxO3M6NToidmFsdWUiO2k6MjtiOjE7fX1pOjI3O2E6Mjp7aTowO2k6MDtpOjE7YTo0OntpOjA7czo1OiJ2YWx1ZSI7aToxO2k6NDtpOjI7YjowO2k6MztkOjEwMDA7fX1pOjI4O2E6Mjp7aTowO2k6MTtpOjE7YToxOntpOjA7czo5MjoiCQkJPGI+6YeR5bqT5a6I5oqk6ICFPC9iPjxicj4gCQkJ6L+Z6YeM5piv5L2g55qE6ZKx44CCIAkJCeiusOW+l+i/mO+8jOS4jeeEtu+8jOWYv+WYvy4uLi4uLiAiO319aToyOTthOjI6e2k6MDtpOjg7aToxO2E6NDp7aTowO3M6OToiVVNFUl9sb2FuIjtpOjE7aTowO2k6MjtiOjE7aTozO3M6NToidmFsdWUiO319aTozMDthOjI6e2k6MDtpOjg7aToxO2E6NDp7aTowO3M6NjoicG9pbnRzIjtpOjE7aToxO2k6MjtiOjE7aTozO3M6NToidmFsdWUiO319aTozMTthOjI6e2k6MDtpOjA7aToxO2E6MTp7aTowO2I6MDt9fWk6MzI7YToyOntpOjA7aToxO2k6MTthOjE6e2k6MDtzOjEwMzoiCQkJPGI+6YeR5bqT5a6I5oqk6ICFPC9iPjxicj4gCQkJ5L2g5aSq5bGM5Lid5LqG77yM5LiN6IO95YCf6YKj5LmI5aSa6ZKxIO+8gTxicj4gCQkJ5pyA5aSa5YCf5L2gMTAwMCBHICI7fX1pOjMzO2E6Mjp7aTowO2k6MDtpOjE7YToyOntpOjA7YjowO2k6MTtiOjA7fX1pOjM0O2E6Mjp7aTowO2k6MDtpOjE7YToyOntpOjA7YjowO2k6MTtiOjA7fX1pOjM1O2E6Mjp7aTowO2k6MDtpOjE7YToxOntpOjA7YjowO319aTozNjthOjI6e2k6MDtpOjE7aToxO2E6MTp7aTowO3M6Nzk6Igk8Yj7ph5HlupPlrojmiqTogIU8L2I+PGJyPiAJ5Zyo5L2g6L+Y6LS35YmN77yMIDxicj4gCeS9oOWPquiDveWtmOWSjOWPluasvu+8gSAiO319aTozNzthOjI6e2k6MDtpOjA7aToxO2E6NDp7aTowO3M6NjoicG9pbnRzIjtpOjE7aTo1O2k6MjtiOjE7aTozO3M6OToiVVNFUl9sb2FuIjt9fWk6Mzg7YToyOntpOjA7aToxO2k6MTthOjE6e2k6MDtzOjQ3OiIJCTxiPumHkeW6k+WuiOaKpOiAhTwvYj48YnI+IAkJ5p2l6L+Y5qy+5LmI77yfICI7fX1pOjM5O2E6Mjp7aTowO2k6NTtpOjE7YToyOntpOjA7czo0OiJsb2FuIjtpOjE7YToyOntpOjA7czo2OiIJCVllcyAiO2k6MTtzOjEzOiIJCU5vLCDmsqHpkrEgIjt9fX1pOjQwO2E6Mjp7aTowO2k6MDtpOjE7YTo0OntpOjA7czo0OiJsb2FuIjtpOjE7aToxO2k6MjtiOjA7aTozO2Q6MDt9fWk6NDE7YToyOntpOjA7aTo4O2k6MTthOjQ6e2k6MDtzOjY6InBvaW50cyI7aToxO2k6MjtpOjI7YjoxO2k6MztzOjk6IlVTRVJfbG9hbiI7fX1pOjQyO2E6Mjp7aTowO2k6ODtpOjE7YTo0OntpOjA7czo5OiJVU0VSX2xvYW4iO2k6MTtpOjA7aToyO2I6MDtpOjM7ZDowO319aTo0MzthOjI6e2k6MDtpOjE7aToxO2E6MTp7aTowO3M6Nzc6IgkJCTxiPumHkeW6k+WuiOaKpOiAhTwvYj48YnI+IAkJCeiwouiwou+8jOmaj+aXtuasoui/juWGjeasoeS9v+eUqOmHkeW6kyDvvIEgIjt9fWk6NDQ7YToyOntpOjA7aTowO2k6MTthOjE6e2k6MDtiOjA7fX1pOjQ1O2E6Mjp7aTowO2k6MTtpOjE7YToxOntpOjA7czo1MzoiCQkJPGI+6YeR5bqT5a6I5oqk6ICFPC9iPjxicj4gCQkJ6K+356iN5ZCO5YaN5p2lIO+8gSAiO319aTo0NjthOjI6e2k6MDtpOjA7aToxO2E6Mjp7aTowO2I6MDtpOjE7YjowO319aTo0NzthOjI6e2k6MDtpOjA7aToxO2E6Mjp7aTowO2I6MDtpOjE7YjowO319aTo0ODthOjI6e2k6MDtpOjA7aToxO2E6Mjp7aTowO2I6MDtpOjE7YjowO319aTo0OTthOjI6e2k6MDtpOjExO2k6MTthOjE6e2k6MDtzOjk2OiJpZiAoICR0aGlzLT52YXJzWydwb2ludHMnXSAhPSAkdXNlci0+cG9pbnRzICkKewoJJHVzZXItPnNldCgncG9pbnRzJywgJHRoaXMtPnZhcnNbJ3BvaW50cyddKTsKfQoiO319aTo1MDthOjI6e2k6MDtpOi0xO2k6MTthOjA6e319fQ==', '1');
INSERT INTO `phpore_events` VALUES ('37', '传送 : 14. map01', 'teleport_sign.gif', '14', '16', '', 'TELEPORT 14,11,0 down', 'YToyOntpOjA7YToyOntpOjA7aTo5O2k6MTthOjQ6e2k6MDtpOjE0O2k6MTtpOjExO2k6MjtpOjA7aTozO2k6MDt9fWk6MTthOjI6e2k6MDtpOi0xO2k6MTthOjA6e319fQ==', '0');
INSERT INTO `phpore_events` VALUES ('38', '传送 : 15. map02', 'teleport_sign.gif', '14', '16', '', 'TELEPORT 15,5,15 up', 'a:2:{i:0;a:2:{i:0;i:9;i:1;a:4:{i:0;i:15;i:1;i:5;i:2;i:15;i:3;i:2;}}i:1;a:2:{i:0;i:-1;i:1;a:0:{}}}', '0');
INSERT INTO `phpore_events` VALUES ('39', 'battleTest', '../overbloc.png', '32', '32', '', 'MESSAGE\r\n遭遇袭击！\r\nEND MESSAGE\r\nWAIT 1000\r\nPHP\r\nif ( $user->logged_in && !$user->in_battle ) create_battle([3,4], $user->id, \'bg.png\', \'BossFight.mp3\');\r\nEND PHP', 'YTo0OntpOjA7YToyOntpOjA7aToxO2k6MTthOjE6e2k6MDtzOjE1OiLpga3pgYfooq3lh7vvvIEiO319aToxO2E6Mjp7aTowO2k6NztpOjE7YToxOntpOjA7aToxMDAwO319aToyO2E6Mjp7aTowO2k6MTE7aToxO2E6MTp7aTowO3M6MTA1OiJpZiAoICR1c2VyLT5sb2dnZWRfaW4gJiYgISR1c2VyLT5pbl9iYXR0bGUgKSBjcmVhdGVfYmF0dGxlKFszLDRdLCAkdXNlci0+aWQsICdiZy5wbmcnLCAnQm9zc0ZpZ2h0Lm1wMycpOwoiO319aTozO2E6Mjp7aTowO2k6LTE7aToxO2E6MDp7fX19', '0');
INSERT INTO `phpore_events` VALUES ('40', '零食NPC', 'NPC (7).png', '96', '96', '0,0,1', 'MESSAGE\r\n我是零食，游戏的美工。看什么看，我就平胸，MDZZ\r\nEND MESSAGE', 'YToyOntpOjA7YToyOntpOjA7aToxO2k6MTthOjE6e2k6MDtzOjY3OiLmiJHmmK/pm7bpo5/vvIzmuLjmiI/nmoTnvo7lt6XjgILnnIvku4DkuYjnnIvvvIzmiJHlsLHlubPog7jvvIxNRFpaIjt9fWk6MTthOjI6e2k6MDtpOi0xO2k6MTthOjA6e319fQ==', '1');

-- ----------------------------
-- Table structure for phpore_guilds
-- ----------------------------
DROP TABLE IF EXISTS `phpore_guilds`;
CREATE TABLE `phpore_guilds` (
  `id` int(11) NOT NULL DEFAULT '0',
  `title` char(20) NOT NULL DEFAULT '',
  PRIMARY KEY (`id`),
  UNIQUE KEY `title` (`title`) USING BTREE
) ENGINE=MyISAM DEFAULT CHARSET=utf8;

-- ----------------------------
-- Records of phpore_guilds
-- ----------------------------
INSERT INTO `phpore_guilds` VALUES ('0', '');

-- ----------------------------
-- Table structure for phpore_maps
-- ----------------------------
DROP TABLE IF EXISTS `phpore_maps`;
CREATE TABLE `phpore_maps` (
  `id` int(11) NOT NULL AUTO_INCREMENT,
  `name` char(20) NOT NULL DEFAULT '',
  `blocs` longtext NOT NULL,
  `tileset` int(11) NOT NULL DEFAULT '0',
  `music` char(50) NOT NULL DEFAULT '',
  `optimized` tinyint(1) NOT NULL DEFAULT '0',
  PRIMARY KEY (`id`),
  UNIQUE KEY `name` (`name`) USING BTREE
) ENGINE=InnoDB AUTO_INCREMENT=17 DEFAULT CHARSET=utf8;

-- ----------------------------
-- Records of phpore_maps
-- ----------------------------
INSERT INTO `phpore_maps` VALUES ('3', 'Homeland', 'YTozOntpOjA7YToyMDp7aTowO2E6MzA6e2k6MDtpOjE7aToxO2k6MTtpOjI7aToxO2k6MztpOjE7aTo0O2k6MTtpOjU7aToxO2k6NjtpOjE7aTo3O2k6MTtpOjg7aToxO2k6OTtpOjE7aToxMDtpOjE7aToxMTtpOjE7aToxMjtpOjE7aToxMztpOjE7aToxNDtpOjE7aToxNTtpOjE7aToxNjtpOjE7aToxNztpOjE7aToxODtpOjE7aToxOTtpOjE7aToyMDtpOjE7aToyMTtpOjE7aToyMjtpOjE7aToyMztpOjE7aToyNDtpOjE7aToyNTtpOjE7aToyNjtpOjE7aToyNztpOjE7aToyODtpOjE7aToyOTtpOjE7fWk6MTthOjMwOntpOjA7aToxO2k6MTtpOjE7aToyO2k6MTtpOjM7aToxMjtpOjQ7aToxMztpOjU7aToxMztpOjY7aToxMztpOjc7aToxMztpOjg7aToxMztpOjk7aToxMztpOjEwO2k6MTM7aToxMTtpOjEzO2k6MTI7aToxMztpOjEzO2k6MTM7aToxNDtpOjEzO2k6MTU7aToxMztpOjE2O2k6MTM7aToxNztpOjEzO2k6MTg7aToxMztpOjE5O2k6MTM7aToyMDtpOjEzO2k6MjE7aToxMztpOjIyO2k6MTM7aToyMztpOjEzO2k6MjQ7aToxMztpOjI1O2k6MTM7aToyNjtpOjE0O2k6Mjc7aToxO2k6Mjg7aToxO2k6Mjk7aToxO31pOjI7YTozMDp7aTowO2k6MTtpOjE7aToxO2k6MjtpOjE7aTozO2k6MjE7aTo0O2k6MjI7aTo1O2k6MjI7aTo2O2k6MjI7aTo3O2k6MjI7aTo4O2k6MjI7aTo5O2k6MjI7aToxMDtpOjIyO2k6MTE7aToyMjtpOjEyO2k6MjI7aToxMztpOjIyO2k6MTQ7aToyMjtpOjE1O2k6MjI7aToxNjtpOjIyO2k6MTc7aToyMjtpOjE4O2k6MjI7aToxOTtpOjIyO2k6MjA7aToyMjtpOjIxO2k6MjI7aToyMjtpOjIyO2k6MjM7aToyMjtpOjI0O2k6MjI7aToyNTtpOjIyO2k6MjY7aToyNztpOjI3O2k6MTQ7aToyODtpOjE7aToyOTtpOjE7fWk6MzthOjMwOntpOjA7aToxO2k6MTtpOjE7aToyO2k6MTtpOjM7aToyMTtpOjQ7aToyMjtpOjU7aToyMjtpOjY7aToyMjtpOjc7aToyMjtpOjg7aToyMjtpOjk7aToyMjtpOjEwO2k6MjI7aToxMTtpOjIyO2k6MTI7aToyMjtpOjEzO2k6MjI7aToxNDtpOjIyO2k6MTU7aToyMjtpOjE2O2k6MjI7aToxNztpOjIyO2k6MTg7aToyMjtpOjE5O2k6MjI7aToyMDtpOjE7aToyMTtpOjIyO2k6MjI7aToyMjtpOjIzO2k6MjI7aToyNDtpOjIyO2k6MjU7aToyMjtpOjI2O2k6MjI7aToyNztpOjI3O2k6Mjg7aToxNDtpOjI5O2k6MTt9aTo0O2E6MzA6e2k6MDtpOjE7aToxO2k6MTtpOjI7aToxO2k6MztpOjIxO2k6NDtpOjIyO2k6NTtpOjIyO2k6NjtpOjIyO2k6NztpOjIyO2k6ODtpOjIyO2k6OTtpOjIyO2k6MTA7aToxNTtpOjExO2k6MjI7aToxMjtpOjIyO2k6MTM7aToyO2k6MTQ7aToyO2k6MTU7aToyO2k6MTY7aToyO2k6MTc7aToyO2k6MTg7aToyO2k6MTk7aToyO2k6MjA7aToyMjtpOjIxO2k6MjI7aToyMjtpOjIyO2k6MjM7aToyMjtpOjI0O2k6MjI7aToyNTtpOjE7aToyNjtpOjIyO2k6Mjc7aToyMjtpOjI4O2k6MTg7aToyOTtpOjE7fWk6NTthOjMwOntpOjA7aToxO2k6MTtpOjE7aToyO2k6MTtpOjM7aToyMTtpOjQ7aToyMjtpOjU7aToyMjtpOjY7aToyMjtpOjc7aToyMjtpOjg7aToyMjtpOjk7aToyMjtpOjEwO2k6MjQ7aToxMTtpOjM7aToxMjtpOjI7aToxMztpOjI7aToxNDtpOjI7aToxNTtpOjI7aToxNjtpOjI7aToxNztpOjI7aToxODtpOjI7aToxOTtpOjI7aToyMDtpOjI7aToyMTtpOjIyO2k6MjI7aToyMjtpOjIzO2k6MjI7aToyNDtpOjIyO2k6MjU7aToxO2k6MjY7aToyMjtpOjI3O2k6MjI7aToyODtpOjIzO2k6Mjk7aToxO31pOjY7YTozMDp7aTowO2k6MTtpOjE7aToxO2k6MjtpOjE7aTozO2k6MjE7aTo0O2k6MjI7aTo1O2k6MjI7aTo2O2k6MjI7aTo3O2k6MjI7aTo4O2k6MjI7aTo5O2k6MjtpOjEwO2k6MTU7aToxMTtpOjE2O2k6MTI7aToxNjtpOjEzO2k6MTY7aToxNDtpOjE2O2k6MTU7aToxNjtpOjE2O2k6MTY7aToxNztpOjE2O2k6MTg7aToxNjtpOjE5O2k6MTc7aToyMDtpOjI7aToyMTtpOjIyO2k6MjI7aToyMjtpOjIzO2k6MjI7aToyNDtpOjIyO2k6MjU7aToyMjtpOjI2O2k6MjI7aToyNztpOjIyO2k6Mjg7aToyMztpOjI5O2k6MTt9aTo3O2E6MzA6e2k6MDtpOjE7aToxO2k6MTtpOjI7aToxO2k6MztpOjIxO2k6NDtpOjIyO2k6NTtpOjIyO2k6NjtpOjIyO2k6NztpOjIyO2k6ODtpOjIyO2k6OTtpOjI7aToxMDtpOjI0O2k6MTE7aTozO2k6MTI7aTo0MjtpOjEzO2k6NTtpOjE0O2k6NTtpOjE1O2k6NTtpOjE2O2k6NTtpOjE3O2k6NDQ7aToxODtpOjM7aToxOTtpOjI2O2k6MjA7aToyMjtpOjIxO2k6MjI7aToyMjtpOjIyO2k6MjM7aToyMjtpOjI0O2k6MjI7aToyNTtpOjIyO2k6MjY7aToyMjtpOjI3O2k6MjI7aToyODtpOjIzO2k6Mjk7aToxO31pOjg7YTozMDp7aTowO2k6MTtpOjE7aToxO2k6MjtpOjE7aTozO2k6MjE7aTo0O2k6MjtpOjU7aToyO2k6NjtpOjI7aTo3O2k6MjtpOjg7aToyMjtpOjk7aToyMjtpOjEwO2k6MjQ7aToxMTtpOjM7aToxMjtpOjUxO2k6MTM7aToxO2k6MTQ7aToxO2k6MTU7aToxO2k6MTY7aToxO2k6MTc7aTo1MztpOjE4O2k6MztpOjE5O2k6MjY7aToyMDtpOjIyO2k6MjE7aToyMjtpOjIyO2k6MjI7aToyMztpOjIyO2k6MjQ7aToyMjtpOjI1O2k6MjI7aToyNjtpOjIyO2k6Mjc7aToyMjtpOjI4O2k6MjM7aToyOTtpOjE7fWk6OTthOjMwOntpOjA7aToxO2k6MTtpOjE7aToyO2k6MTtpOjM7aToyMTtpOjQ7aToyO2k6NTtpOjI7aTo2O2k6MjtpOjc7aToyO2k6ODtpOjIyO2k6OTtpOjIyO2k6MTA7aToyNDtpOjExO2k6MztpOjEyO2k6NTE7aToxMztpOjE7aToxNDtpOjE7aToxNTtpOjE7aToxNjtpOjE7aToxNztpOjUzO2k6MTg7aTozO2k6MTk7aToyNjtpOjIwO2k6MjI7aToyMTtpOjIyO2k6MjI7aToyMjtpOjIzO2k6MjI7aToyNDtpOjIyO2k6MjU7aToyMjtpOjI2O2k6MjI7aToyNztpOjIyO2k6Mjg7aToyMztpOjI5O2k6MTt9aToxMDthOjMwOntpOjA7aToxO2k6MTtpOjE7aToyO2k6MTtpOjM7aTozMDtpOjQ7aToxMTtpOjU7aToyMjtpOjY7aToyMjtpOjc7aToyO2k6ODtpOjI7aTo5O2k6MjtpOjEwO2k6MjQ7aToxMTtpOjM7aToxMjtpOjUxO2k6MTM7aToxO2k6MTQ7aToxO2k6MTU7aToxO2k6MTY7aToxO2k6MTc7aTo1MztpOjE4O2k6MztpOjE5O2k6MjY7aToyMDtpOjIyO2k6MjE7aToyMjtpOjIyO2k6MjI7aToyMztpOjIyO2k6MjQ7aToyMjtpOjI1O2k6MjI7aToyNjtpOjIyO2k6Mjc7aTo5O2k6Mjg7aTozMjtpOjI5O2k6MTt9aToxMTthOjMwOntpOjA7aToxO2k6MTtpOjE7aToyO2k6MTtpOjM7aToxO2k6NDtpOjIxO2k6NTtpOjIyO2k6NjtpOjIyO2k6NztpOjIyO2k6ODtpOjIyO2k6OTtpOjIyO2k6MTA7aToyNDtpOjExO2k6MztpOjEyO2k6MztpOjEzO2k6NjE7aToxNDtpOjYxO2k6MTU7aTo2MTtpOjE2O2k6NjE7aToxNztpOjYyO2k6MTg7aTozO2k6MTk7aToyNjtpOjIwO2k6MjtpOjIxO2k6MjI7aToyMjtpOjIyO2k6MjM7aToyMjtpOjI0O2k6MjI7aToyNTtpOjIyO2k6MjY7aTo5O2k6Mjc7aTozMjtpOjI4O2k6MTtpOjI5O2k6MTt9aToxMjthOjMwOntpOjA7aToxO2k6MTtpOjE7aToyO2k6MTtpOjM7aToxO2k6NDtpOjIxO2k6NTtpOjIyO2k6NjtpOjIyO2k6NztpOjIyO2k6ODtpOjIyO2k6OTtpOjIyO2k6MTA7aToyNDtpOjExO2k6MztpOjEyO2k6MztpOjEzO2k6MztpOjE0O2k6MztpOjE1O2k6MztpOjE2O2k6MztpOjE3O2k6MztpOjE4O2k6MztpOjE5O2k6MjY7aToyMDtpOjI7aToyMTtpOjIyO2k6MjI7aToyMjtpOjIzO2k6MjI7aToyNDtpOjIyO2k6MjU7aTo5O2k6MjY7aTozMjtpOjI3O2k6MTtpOjI4O2k6MTtpOjI5O2k6MTt9aToxMzthOjMwOntpOjA7aToxO2k6MTtpOjE7aToyO2k6MTtpOjM7aToxO2k6NDtpOjIxO2k6NTtpOjIyO2k6NjtpOjIyO2k6NztpOjI7aTo4O2k6MjtpOjk7aToyO2k6MTA7aTozMztpOjExO2k6MzQ7aToxMjtpOjM0O2k6MTM7aTozNDtpOjE0O2k6MzQ7aToxNTtpOjM0O2k6MTY7aTozNDtpOjE3O2k6MzQ7aToxODtpOjM0O2k6MTk7aTozNTtpOjIwO2k6MjI7aToyMTtpOjIyO2k6MjI7aTo5O2k6MjM7aToxMDtpOjI0O2k6MTA7aToyNTtpOjMyO2k6MjY7aToxO2k6Mjc7aToxO2k6Mjg7aToxO2k6Mjk7aToxO31pOjE0O2E6MzA6e2k6MDtpOjE7aToxO2k6MTtpOjI7aToxO2k6MztpOjE7aTo0O2k6MjE7aTo1O2k6MjtpOjY7aToyO2k6NztpOjI7aTo4O2k6MjtpOjk7aToyO2k6MTA7aToyO2k6MTE7aToyO2k6MTI7aToyO2k6MTM7aToyO2k6MTQ7aToyO2k6MTU7aToyMjtpOjE2O2k6MjI7aToxNztpOjI7aToxODtpOjI7aToxOTtpOjI7aToyMDtpOjIyO2k6MjE7aTo5O2k6MjI7aTozMjtpOjIzO2k6MTtpOjI0O2k6MTtpOjI1O2k6MTtpOjI2O2k6MTtpOjI3O2k6MTtpOjI4O2k6MTtpOjI5O2k6MTt9aToxNTthOjMwOntpOjA7aToxO2k6MTtpOjE7aToyO2k6MTtpOjM7aToxO2k6NDtpOjMwO2k6NTtpOjMxO2k6NjtpOjMxO2k6NztpOjMxO2k6ODtpOjMxO2k6OTtpOjExO2k6MTA7aToyO2k6MTE7aToyO2k6MTI7aToyO2k6MTM7aToyO2k6MTQ7aToyO2k6MTU7aToyO2k6MTY7aToyO2k6MTc7aToyO2k6MTg7aTo5O2k6MTk7aTozMTtpOjIwO2k6MzE7aToyMTtpOjMyO2k6MjI7aToxO2k6MjM7aToxO2k6MjQ7aToxO2k6MjU7aToxO2k6MjY7aToxO2k6Mjc7aToxO2k6Mjg7aToxO2k6Mjk7aToxO31pOjE2O2E6MzA6e2k6MDtpOjE7aToxO2k6MTtpOjI7aToxO2k6MztpOjE7aTo0O2k6MTtpOjU7aToxO2k6NjtpOjE7aTo3O2k6MTtpOjg7aToxO2k6OTtpOjMwO2k6MTA7aTozMTtpOjExO2k6MzE7aToxMjtpOjMxO2k6MTM7aTozMTtpOjE0O2k6MzE7aToxNTtpOjMxO2k6MTY7aTozMTtpOjE3O2k6MzE7aToxODtpOjMyO2k6MTk7aToxO2k6MjA7aToxO2k6MjE7aToxO2k6MjI7aToxO2k6MjM7aToxO2k6MjQ7aToxO2k6MjU7aToxO2k6MjY7aToxO2k6Mjc7aToxO2k6Mjg7aToxO2k6Mjk7aToxO31pOjE3O2E6MzA6e2k6MDtpOjE7aToxO2k6MTtpOjI7aToxO2k6MztpOjE7aTo0O2k6MTtpOjU7aToxO2k6NjtpOjE7aTo3O2k6MTtpOjg7aToxO2k6OTtpOjE7aToxMDtpOjE7aToxMTtpOjE7aToxMjtpOjE7aToxMztpOjE7aToxNDtpOjE7aToxNTtpOjE7aToxNjtpOjE7aToxNztpOjE7aToxODtpOjE7aToxOTtpOjE7aToyMDtpOjE7aToyMTtpOjE7aToyMjtpOjE7aToyMztpOjE7aToyNDtpOjE7aToyNTtpOjE7aToyNjtpOjE7aToyNztpOjE7aToyODtpOjE7aToyOTtpOjE7fWk6MTg7YTozMDp7aTowO2k6MTtpOjE7aToxO2k6MjtpOjE7aTozO2k6MTtpOjQ7aToxO2k6NTtpOjE7aTo2O2k6MTtpOjc7aToxO2k6ODtpOjE7aTo5O2k6MTtpOjEwO2k6MTtpOjExO2k6MTtpOjEyO2k6MTtpOjEzO2k6MTtpOjE0O2k6MTtpOjE1O2k6MTtpOjE2O2k6MTtpOjE3O2k6MTtpOjE4O2k6MTtpOjE5O2k6MTtpOjIwO2k6MTtpOjIxO2k6MTtpOjIyO2k6MTtpOjIzO2k6MTtpOjI0O2k6MTtpOjI1O2k6MTtpOjI2O2k6MTtpOjI3O2k6MTtpOjI4O2k6MTtpOjI5O2k6MTt9aToxOTthOjMwOntpOjA7aToxO2k6MTtpOjE7aToyO2k6MTtpOjM7aToxO2k6NDtpOjE7aTo1O2k6MTtpOjY7aToxO2k6NztpOjE7aTo4O2k6MTtpOjk7aToxO2k6MTA7aToxO2k6MTE7aToxO2k6MTI7aToxO2k6MTM7aToxO2k6MTQ7aToxO2k6MTU7aToxO2k6MTY7aToxO2k6MTc7aToxO2k6MTg7aToxO2k6MTk7aToxO2k6MjA7aToxO2k6MjE7aToxO2k6MjI7aToxO2k6MjM7aToxO2k6MjQ7aToxO2k6MjU7aToxO2k6MjY7aToxO2k6Mjc7aToxO2k6Mjg7aToxO2k6Mjk7aToxO319aToxO2E6MjA6e2k6MDthOjMwOntpOjA7aTowO2k6MTtpOjA7aToyO2k6MDtpOjM7aToyODtpOjQ7aToyODtpOjU7aToyODtpOjY7aToyODtpOjc7aToyODtpOjg7aToyODtpOjk7aToyODtpOjEwO2k6Mjg7aToxMTtpOjI4O2k6MTI7aToyODtpOjEzO2k6Mjg7aToxNDtpOjI4O2k6MTU7aToyODtpOjE2O2k6Mjg7aToxNztpOjI4O2k6MTg7aToyODtpOjE5O2k6Mjg7aToyMDtpOjI4O2k6MjE7aToyODtpOjIyO2k6Mjg7aToyMztpOjI4O2k6MjQ7aToyODtpOjI1O2k6Mjg7aToyNjtpOjI4O2k6Mjc7aToyOTtpOjI4O2k6MDtpOjI5O2k6MDt9aToxO2E6MzA6e2k6MDtpOjA7aToxO2k6MDtpOjI7aTowO2k6MztpOjM2O2k6NDtpOjA7aTo1O2k6MDtpOjY7aTowO2k6NztpOjA7aTo4O2k6MDtpOjk7aTowO2k6MTA7aTowO2k6MTE7aTowO2k6MTI7aTowO2k6MTM7aTowO2k6MTQ7aTowO2k6MTU7aTowO2k6MTY7aTowO2k6MTc7aTowO2k6MTg7aTo4MTtpOjE5O2k6ODI7aToyMDtpOjgzO2k6MjE7aTowO2k6MjI7aTo1MDtpOjIzO2k6NTA7aToyNDtpOjM3O2k6MjU7aTozNztpOjI2O2k6Mzc7aToyNztpOjM4O2k6Mjg7aTowO2k6Mjk7aTowO31pOjI7YTozMDp7aTowO2k6MDtpOjE7aTowO2k6MjtpOjA7aTozO2k6MzY7aTo0O2k6MTQ5O2k6NTtpOjE1MDtpOjY7aToxNTE7aTo3O2k6MDtpOjg7aTowO2k6OTtpOjg2O2k6MTA7aTo4NztpOjExO2k6ODg7aToxMjtpOjg5O2k6MTM7aTo4O2k6MTQ7aTowO2k6MTU7aTowO2k6MTY7aTowO2k6MTc7aTowO2k6MTg7aTo5MDtpOjE5O2k6OTE7aToyMDtpOjkyO2k6MjE7aTowO2k6MjI7aTowO2k6MjM7aTo1MDtpOjI0O2k6NTA7aToyNTtpOjM3O2k6MjY7aTozNztpOjI3O2k6Mzg7aToyODtpOjA7aToyOTtpOjA7fWk6MzthOjMwOntpOjA7aTowO2k6MTtpOjA7aToyO2k6MDtpOjM7aTozNjtpOjQ7aTo4O2k6NTtpOjE1OTtpOjY7aToxNjA7aTo3O2k6ODtpOjg7aTowO2k6OTtpOjk1O2k6MTA7aTo5NjtpOjExO2k6OTc7aToxMjtpOjk4O2k6MTM7aTowO2k6MTQ7aTowO2k6MTU7aTo4O2k6MTY7aTowO2k6MTc7aTowO2k6MTg7aTo5OTtpOjE5O2k6MTAwO2k6MjA7aToxMDE7aToyMTtpOjA7aToyMjtpOjA7aToyMztpOjA7aToyNDtpOjMzO2k6MjU7aTozNDtpOjI2O2k6MzU7aToyNztpOjM4O2k6Mjg7aTowO2k6Mjk7aTowO31pOjQ7YTozMDp7aTowO2k6MDtpOjE7aTowO2k6MjtpOjA7aTozO2k6MzY7aTo0O2k6MTQ5O2k6NTtpOjg7aTo2O2k6MTUxO2k6NztpOjA7aTo4O2k6MzA7aTo5O2k6MTA0O2k6MTA7aToxMDU7aToxMTtpOjEwNjtpOjEyO2k6MTA3O2k6MTM7aToxNztpOjE0O2k6NDg7aToxNTtpOjQ5O2k6MTY7aTowO2k6MTc7aTowO2k6MTg7aToxNztpOjE5O2k6MTc7aToyMDtpOjE3O2k6MjE7aTowO2k6MjI7aTowO2k6MjM7aTowO2k6MjQ7aTo0MjtpOjI1O2k6NDM7aToyNjtpOjQ0O2k6Mjc7aTozODtpOjI4O2k6MDtpOjI5O2k6MDt9aTo1O2E6MzA6e2k6MDtpOjA7aToxO2k6MDtpOjI7aTowO2k6MztpOjM2O2k6NDtpOjU0O2k6NTtpOjU1O2k6NjtpOjU2O2k6NztpOjA7aTo4O2k6Mzk7aTo5O2k6MTEzO2k6MTA7aToxMTQ7aToxMTtpOjExNTtpOjEyO2k6MTE2O2k6MTM7aTo0MDtpOjE0O2k6NTc7aToxNTtpOjU4O2k6MTY7aTowO2k6MTc7aTowO2k6MTg7aTowO2k6MTk7aTowO2k6MjA7aTo4O2k6MjE7aTowO2k6MjI7aTowO2k6MjM7aTowO2k6MjQ7aTo1MTtpOjI1O2k6NTI7aToyNjtpOjUzO2k6Mjc7aTozODtpOjI4O2k6MDtpOjI5O2k6MDt9aTo2O2E6MzA6e2k6MDtpOjA7aToxO2k6MDtpOjI7aTowO2k6MztpOjM2O2k6NDtpOjYzO2k6NTtpOjY0O2k6NjtpOjY1O2k6NztpOjA7aTo4O2k6MDtpOjk7aToxNztpOjEwO2k6MTc7aToxMTtpOjE3O2k6MTI7aToxNztpOjEzO2k6MjAzO2k6MTQ7aToxNztpOjE1O2k6MTc7aToxNjtpOjUwO2k6MTc7aTowO2k6MTg7aTowO2k6MTk7aTowO2k6MjA7aTowO2k6MjE7aTowO2k6MjI7aTowO2k6MjM7aTowO2k6MjQ7aToxNztpOjI1O2k6MTc7aToyNjtpOjE3O2k6Mjc7aTozODtpOjI4O2k6MDtpOjI5O2k6MDt9aTo3O2E6MzA6e2k6MDtpOjA7aToxO2k6MDtpOjI7aTowO2k6MztpOjM2O2k6NDtpOjcyO2k6NTtpOjczO2k6NjtpOjc0O2k6NztpOjA7aTo4O2k6NjY7aTo5O2k6Njc7aToxMDtpOjE4NTtpOjExO2k6MTg2O2k6MTI7aToxODc7aToxMztpOjE7aToxNDtpOjE7aToxNTtpOjE7aToxNjtpOjE7aToxNztpOjA7aToxODtpOjA7aToxOTtpOjA7aToyMDtpOjU5O2k6MjE7aTo2MDtpOjIyO2k6MDtpOjIzO2k6MDtpOjI0O2k6MDtpOjI1O2k6MDtpOjI2O2k6MDtpOjI3O2k6Mzg7aToyODtpOjA7aToyOTtpOjA7fWk6ODthOjMwOntpOjA7aTowO2k6MTtpOjA7aToyO2k6MDtpOjM7aTozNjtpOjQ7aToxNztpOjU7aToxNztpOjY7aToxNztpOjc7aTowO2k6ODtpOjc1O2k6OTtpOjc2O2k6MTA7aToxOTQ7aToxMTtpOjE5NTtpOjEyO2k6NjtpOjEzO2k6MTA7aToxNDtpOjEwO2k6MTU7aToxMDtpOjE2O2k6MTA7aToxNztpOjA7aToxODtpOjA7aToxOTtpOjA7aToyMDtpOjY4O2k6MjE7aTo2OTtpOjIyO2k6ODtpOjIzO2k6MDtpOjI0O2k6MDtpOjI1O2k6MDtpOjI2O2k6MDtpOjI3O2k6Mzg7aToyODtpOjA7aToyOTtpOjA7fWk6OTthOjMwOntpOjA7aTowO2k6MTtpOjA7aToyO2k6MDtpOjM7aTozNjtpOjQ7aTowO2k6NTtpOjA7aTo2O2k6ODtpOjc7aTowO2k6ODtpOjg0O2k6OTtpOjg1O2k6MTA7aToyMDM7aToxMTtpOjIwNDtpOjEyO2k6MTU7aToxMztpOjEwO2k6MTQ7aToxMDtpOjE1O2k6MTA7aToxNjtpOjEwO2k6MTc7aTo2O2k6MTg7aTowO2k6MTk7aTowO2k6MjA7aTo3NztpOjIxO2k6Nzg7aToyMjtpOjA7aToyMztpOjA7aToyNDtpOjA7aToyNTtpOjg7aToyNjtpOjA7aToyNztpOjM4O2k6Mjg7aTowO2k6Mjk7aTowO31pOjEwO2E6MzA6e2k6MDtpOjA7aToxO2k6MDtpOjI7aTowO2k6MztpOjM2O2k6NDtpOjg7aTo1O2k6MDtpOjY7aTowO2k6NztpOjA7aTo4O2k6MTc7aTo5O2k6MTc7aToxMDtpOjA7aToxMTtpOjA7aToxMjtpOjA7aToxMztpOjEwO2k6MTQ7aToxMDtpOjE1O2k6MTA7aToxNjtpOjEwO2k6MTc7aToxNTtpOjE4O2k6MDtpOjE5O2k6MDtpOjIwO2k6MTc7aToyMTtpOjE3O2k6MjI7aTowO2k6MjM7aTowO2k6MjQ7aTowO2k6MjU7aTowO2k6MjY7aTowO2k6Mjc7aTozODtpOjI4O2k6MDtpOjI5O2k6MDt9aToxMTthOjMwOntpOjA7aTowO2k6MTtpOjA7aToyO2k6MDtpOjM7aTozNjtpOjQ7aTowO2k6NTtpOjYxO2k6NjtpOjYyO2k6NztpOjA7aTo4O2k6MDtpOjk7aTowO2k6MTA7aTo0ODtpOjExO2k6NDk7aToxMjtpOjA7aToxMztpOjA7aToxNDtpOjA7aToxNTtpOjY7aToxNjtpOjc7aToxNztpOjA7aToxODtpOjQ4O2k6MTk7aTo0OTtpOjIwO2k6MDtpOjIxO2k6MDtpOjIyO2k6MDtpOjIzO2k6MDtpOjI0O2k6MDtpOjI1O2k6MDtpOjI2O2k6ODtpOjI3O2k6Mzg7aToyODtpOjA7aToyOTtpOjA7fWk6MTI7YTozMDp7aTowO2k6MDtpOjE7aTowO2k6MjtpOjA7aTozO2k6MzY7aTo0O2k6MDtpOjU7aTo3MDtpOjY7aTo3MTtpOjc7aTowO2k6ODtpOjA7aTo5O2k6ODtpOjEwO2k6NTc7aToxMTtpOjU4O2k6MTI7aTozMTtpOjEzO2k6MzI7aToxNDtpOjA7aToxNTtpOjE1O2k6MTY7aToxNjtpOjE3O2k6MDtpOjE4O2k6NTc7aToxOTtpOjU4O2k6MjA7aTowO2k6MjE7aTowO2k6MjI7aTowO2k6MjM7aTowO2k6MjQ7aTowO2k6MjU7aTo4O2k6MjY7aTowO2k6Mjc7aTozODtpOjI4O2k6MDtpOjI5O2k6MDt9aToxMzthOjMwOntpOjA7aTowO2k6MTtpOjA7aToyO2k6MDtpOjM7aTozNjtpOjQ7aTowO2k6NTtpOjc5O2k6NjtpOjgwO2k6NztpOjA7aTo4O2k6MDtpOjk7aTowO2k6MTA7aToxNztpOjExO2k6MTc7aToxMjtpOjA7aToxMztpOjA7aToxNDtpOjA7aToxNTtpOjA7aToxNjtpOjI1O2k6MTc7aTowO2k6MTg7aToxNztpOjE5O2k6MTc7aToyMDtpOjA7aToyMTtpOjA7aToyMjtpOjg7aToyMztpOjA7aToyNDtpOjQxO2k6MjU7aTowO2k6MjY7aToyNjtpOjI3O2k6Mzg7aToyODtpOjA7aToyOTtpOjA7fWk6MTQ7YTozMDp7aTowO2k6MDtpOjE7aTowO2k6MjtpOjA7aTozO2k6MzY7aTo0O2k6MDtpOjU7aToxNztpOjY7aToxNztpOjc7aTowO2k6ODtpOjA7aTo5O2k6MDtpOjEwO2k6MDtpOjExO2k6MDtpOjEyO2k6MDtpOjEzO2k6MDtpOjE0O2k6MDtpOjE1O2k6MDtpOjE2O2k6MDtpOjE3O2k6MDtpOjE4O2k6MDtpOjE5O2k6MDtpOjIwO2k6MDtpOjIxO2k6MDtpOjIyO2k6MDtpOjIzO2k6ODtpOjI0O2k6MjY7aToyNTtpOjI2O2k6MjY7aToyNDtpOjI3O2k6Mzg7aToyODtpOjA7aToyOTtpOjA7fWk6MTU7YTozMDp7aTowO2k6MDtpOjE7aTowO2k6MjtpOjA7aTozO2k6MzY7aTo0O2k6ODtpOjU7aTowO2k6NjtpOjA7aTo3O2k6MDtpOjg7aTowO2k6OTtpOjg7aToxMDtpOjA7aToxMTtpOjA7aToxMjtpOjA7aToxMztpOjA7aToxNDtpOjA7aToxNTtpOjA7aToxNjtpOjg7aToxNztpOjA7aToxODtpOjg7aToxOTtpOjA7aToyMDtpOjA7aToyMTtpOjg7aToyMjtpOjI2O2k6MjM7aToyNjtpOjI0O2k6MjQ7aToyNTtpOjI0O2k6MjY7aToyNjtpOjI3O2k6Mzg7aToyODtpOjA7aToyOTtpOjA7fWk6MTY7YTozMDp7aTowO2k6MDtpOjE7aTowO2k6MjtpOjA7aTozO2k6MzY7aTo0O2k6NDE7aTo1O2k6MDtpOjY7aTowO2k6NztpOjA7aTo4O2k6MDtpOjk7aTowO2k6MTA7aTowO2k6MTE7aTowO2k6MTI7aTowO2k6MTM7aTowO2k6MTQ7aTowO2k6MTU7aTowO2k6MTY7aTowO2k6MTc7aTowO2k6MTg7aTowO2k6MTk7aTowO2k6MjA7aTo4O2k6MjE7aToyNjtpOjIyO2k6MjQ7aToyMztpOjI0O2k6MjQ7aToyNjtpOjI1O2k6MjY7aToyNjtpOjI0O2k6Mjc7aTozODtpOjI4O2k6MDtpOjI5O2k6MDt9aToxNzthOjMwOntpOjA7aTowO2k6MTtpOjA7aToyO2k6MDtpOjM7aTo0NTtpOjQ7aTo0NjtpOjU7aTo0NjtpOjY7aTo0NjtpOjc7aTo0NjtpOjg7aTo0NjtpOjk7aTo0NjtpOjEwO2k6NDY7aToxMTtpOjQ3O2k6MTI7aTo1MDtpOjEzO2k6NTA7aToxNDtpOjUwO2k6MTU7aTo1MDtpOjE2O2k6NDA7aToxNztpOjQ2O2k6MTg7aTo0NjtpOjE5O2k6NDY7aToyMDtpOjQ2O2k6MjE7aTo0NjtpOjIyO2k6NDY7aToyMztpOjQ2O2k6MjQ7aTo0NjtpOjI1O2k6NDY7aToyNjtpOjQ2O2k6Mjc7aTo0NztpOjI4O2k6NDc7aToyOTtpOjQ3O31pOjE4O2E6MzA6e2k6MDtpOjA7aToxO2k6MDtpOjI7aTowO2k6MztpOjA7aTo0O2k6MDtpOjU7aTowO2k6NjtpOjA7aTo3O2k6MDtpOjg7aTowO2k6OTtpOjA7aToxMDtpOjA7aToxMTtpOjA7aToxMjtpOjA7aToxMztpOjA7aToxNDtpOjA7aToxNTtpOjA7aToxNjtpOjA7aToxNztpOjA7aToxODtpOjA7aToxOTtpOjA7aToyMDtpOjA7aToyMTtpOjA7aToyMjtpOjA7aToyMztpOjA7aToyNDtpOjA7aToyNTtpOjA7aToyNjtpOjA7aToyNztpOjA7aToyODtpOjA7aToyOTtpOjA7fWk6MTk7YTozMDp7aTowO2k6MDtpOjE7aTowO2k6MjtpOjA7aTozO2k6MDtpOjQ7aTowO2k6NTtpOjA7aTo2O2k6MDtpOjc7aTowO2k6ODtpOjA7aTo5O2k6MDtpOjEwO2k6MDtpOjExO2k6MDtpOjEyO2k6MDtpOjEzO2k6MDtpOjE0O2k6MDtpOjE1O2k6MDtpOjE2O2k6MDtpOjE3O2k6MDtpOjE4O2k6MDtpOjE5O2k6MDtpOjIwO2k6MDtpOjIxO2k6MDtpOjIyO2k6MDtpOjIzO2k6MDtpOjI0O2k6MDtpOjI1O2k6MDtpOjI2O2k6MDtpOjI3O2k6MDtpOjI4O2k6MDtpOjI5O2k6MDt9fWk6MjthOjIwOntpOjA7YTozMDp7aTowO2k6MDtpOjE7aTowO2k6MjtpOjA7aTozO2k6MDtpOjQ7aTowO2k6NTtpOjA7aTo2O2k6MDtpOjc7aTowO2k6ODtpOjA7aTo5O2k6MDtpOjEwO2k6MDtpOjExO2k6MDtpOjEyO2k6MDtpOjEzO2k6MDtpOjE0O2k6MDtpOjE1O2k6MDtpOjE2O2k6MDtpOjE3O2k6MDtpOjE4O2k6MDtpOjE5O2k6MDtpOjIwO2k6MDtpOjIxO2k6MDtpOjIyO2k6MDtpOjIzO2k6MDtpOjI0O2k6MDtpOjI1O2k6MDtpOjI2O2k6MDtpOjI3O2k6MDtpOjI4O2k6MDtpOjI5O2k6MDt9aToxO2E6MzA6e2k6MDtpOjA7aToxO2k6MDtpOjI7aTowO2k6MztpOjA7aTo0O2k6MDtpOjU7aTowO2k6NjtpOjA7aTo3O2k6MDtpOjg7aTowO2k6OTtpOjA7aToxMDtpOjA7aToxMTtpOjA7aToxMjtpOjA7aToxMztpOjA7aToxNDtpOjA7aToxNTtpOjA7aToxNjtpOjA7aToxNztpOjA7aToxODtpOjA7aToxOTtpOjA7aToyMDtpOjA7aToyMTtpOjA7aToyMjtpOjA7aToyMztpOjA7aToyNDtpOjA7aToyNTtpOjA7aToyNjtpOjA7aToyNztpOjA7aToyODtpOjA7aToyOTtpOjA7fWk6MjthOjMwOntpOjA7aTowO2k6MTtpOjA7aToyO2k6MDtpOjM7aTowO2k6NDtpOjA7aTo1O2k6MDtpOjY7aTowO2k6NztpOjA7aTo4O2k6MDtpOjk7aTowO2k6MTA7aTowO2k6MTE7aTowO2k6MTI7aTowO2k6MTM7aTowO2k6MTQ7aTowO2k6MTU7aTowO2k6MTY7aTowO2k6MTc7aTowO2k6MTg7aTowO2k6MTk7aTowO2k6MjA7aTowO2k6MjE7aTowO2k6MjI7aTowO2k6MjM7aTowO2k6MjQ7aTowO2k6MjU7aTowO2k6MjY7aTowO2k6Mjc7aTowO2k6Mjg7aTowO2k6Mjk7aTowO31pOjM7YTozMDp7aTowO2k6MDtpOjE7aTowO2k6MjtpOjA7aTozO2k6MDtpOjQ7aTowO2k6NTtpOjA7aTo2O2k6MDtpOjc7aTowO2k6ODtpOjA7aTo5O2k6MDtpOjEwO2k6MDtpOjExO2k6MDtpOjEyO2k6MDtpOjEzO2k6MDtpOjE0O2k6MDtpOjE1O2k6MDtpOjE2O2k6MDtpOjE3O2k6MDtpOjE4O2k6MDtpOjE5O2k6MDtpOjIwO2k6MDtpOjIxO2k6MDtpOjIyO2k6MDtpOjIzO2k6MDtpOjI0O2k6MDtpOjI1O2k6MDtpOjI2O2k6MDtpOjI3O2k6MDtpOjI4O2k6MDtpOjI5O2k6MDt9aTo0O2E6MzA6e2k6MDtpOjA7aToxO2k6MDtpOjI7aTowO2k6MztpOjA7aTo0O2k6MDtpOjU7aTowO2k6NjtpOjA7aTo3O2k6MDtpOjg7aTowO2k6OTtpOjA7aToxMDtpOjA7aToxMTtpOjA7aToxMjtpOjA7aToxMztpOjA7aToxNDtpOjA7aToxNTtpOjA7aToxNjtpOjA7aToxNztpOjA7aToxODtpOjA7aToxOTtpOjA7aToyMDtpOjA7aToyMTtpOjA7aToyMjtpOjA7aToyMztpOjA7aToyNDtpOjA7aToyNTtpOjA7aToyNjtpOjA7aToyNztpOjA7aToyODtpOjA7aToyOTtpOjA7fWk6NTthOjMwOntpOjA7aTowO2k6MTtpOjA7aToyO2k6MDtpOjM7aTowO2k6NDtpOjA7aTo1O2k6MDtpOjY7aTowO2k6NztpOjA7aTo4O2k6MDtpOjk7aTowO2k6MTA7aTowO2k6MTE7aTowO2k6MTI7aTowO2k6MTM7aTowO2k6MTQ7aTowO2k6MTU7aTowO2k6MTY7aTowO2k6MTc7aTowO2k6MTg7aTowO2k6MTk7aTowO2k6MjA7aTowO2k6MjE7aTowO2k6MjI7aTowO2k6MjM7aTowO2k6MjQ7aTowO2k6MjU7aTowO2k6MjY7aTowO2k6Mjc7aTowO2k6Mjg7aTowO2k6Mjk7aTowO31pOjY7YTozMDp7aTowO2k6MDtpOjE7aTowO2k6MjtpOjA7aTozO2k6MDtpOjQ7aTowO2k6NTtpOjA7aTo2O2k6MDtpOjc7aTowO2k6ODtpOjA7aTo5O2k6MDtpOjEwO2k6MDtpOjExO2k6MDtpOjEyO2k6MDtpOjEzO2k6MDtpOjE0O2k6MDtpOjE1O2k6MDtpOjE2O2k6MDtpOjE3O2k6MDtpOjE4O2k6MDtpOjE5O2k6MDtpOjIwO2k6MDtpOjIxO2k6MDtpOjIyO2k6MDtpOjIzO2k6MDtpOjI0O2k6MDtpOjI1O2k6MDtpOjI2O2k6MDtpOjI3O2k6MDtpOjI4O2k6MDtpOjI5O2k6MDt9aTo3O2E6MzA6e2k6MDtpOjA7aToxO2k6MDtpOjI7aTowO2k6MztpOjA7aTo0O2k6MDtpOjU7aTowO2k6NjtpOjA7aTo3O2k6MDtpOjg7aTowO2k6OTtpOjA7aToxMDtpOjA7aToxMTtpOjA7aToxMjtpOjA7aToxMztpOjA7aToxNDtpOjA7aToxNTtpOjA7aToxNjtpOjA7aToxNztpOjA7aToxODtpOjA7aToxOTtpOjA7aToyMDtpOjA7aToyMTtpOjA7aToyMjtpOjA7aToyMztpOjA7aToyNDtpOjA7aToyNTtpOjA7aToyNjtpOjA7aToyNztpOjA7aToyODtpOjA7aToyOTtpOjA7fWk6ODthOjMwOntpOjA7aTowO2k6MTtpOjA7aToyO2k6MDtpOjM7aTowO2k6NDtpOjA7aTo1O2k6MDtpOjY7aTowO2k6NztpOjA7aTo4O2k6MDtpOjk7aTowO2k6MTA7aTowO2k6MTE7aTowO2k6MTI7aTowO2k6MTM7aTowO2k6MTQ7aTowO2k6MTU7aTowO2k6MTY7aTowO2k6MTc7aTowO2k6MTg7aTowO2k6MTk7aTowO2k6MjA7aTowO2k6MjE7aTowO2k6MjI7aTowO2k6MjM7aTowO2k6MjQ7aTowO2k6MjU7aTowO2k6MjY7aTowO2k6Mjc7aTowO2k6Mjg7aTowO2k6Mjk7aTowO31pOjk7YTozMDp7aTowO2k6MDtpOjE7aTowO2k6MjtpOjA7aTozO2k6MDtpOjQ7aTowO2k6NTtpOjA7aTo2O2k6MDtpOjc7aTowO2k6ODtpOjA7aTo5O2k6MDtpOjEwO2k6MDtpOjExO2k6MDtpOjEyO2k6MDtpOjEzO2k6MDtpOjE0O2k6MDtpOjE1O2k6MDtpOjE2O2k6MDtpOjE3O2k6MDtpOjE4O2k6MDtpOjE5O2k6MDtpOjIwO2k6MDtpOjIxO2k6MDtpOjIyO2k6MDtpOjIzO2k6MDtpOjI0O2k6MDtpOjI1O2k6MDtpOjI2O2k6MDtpOjI3O2k6MDtpOjI4O2k6MDtpOjI5O2k6MDt9aToxMDthOjMwOntpOjA7aTowO2k6MTtpOjA7aToyO2k6MDtpOjM7aTowO2k6NDtpOjA7aTo1O2k6MDtpOjY7aTowO2k6NztpOjA7aTo4O2k6MDtpOjk7aTowO2k6MTA7aTowO2k6MTE7aTowO2k6MTI7aTowO2k6MTM7aTowO2k6MTQ7aTowO2k6MTU7aTowO2k6MTY7aTowO2k6MTc7aTowO2k6MTg7aTowO2k6MTk7aTowO2k6MjA7aTowO2k6MjE7aTowO2k6MjI7aTowO2k6MjM7aTowO2k6MjQ7aTowO2k6MjU7aTowO2k6MjY7aTowO2k6Mjc7aTowO2k6Mjg7aTowO2k6Mjk7aTowO31pOjExO2E6MzA6e2k6MDtpOjA7aToxO2k6MDtpOjI7aTowO2k6MztpOjA7aTo0O2k6MDtpOjU7aTowO2k6NjtpOjA7aTo3O2k6MDtpOjg7aTowO2k6OTtpOjA7aToxMDtpOjA7aToxMTtpOjA7aToxMjtpOjA7aToxMztpOjA7aToxNDtpOjA7aToxNTtpOjA7aToxNjtpOjA7aToxNztpOjA7aToxODtpOjA7aToxOTtpOjA7aToyMDtpOjA7aToyMTtpOjA7aToyMjtpOjA7aToyMztpOjA7aToyNDtpOjA7aToyNTtpOjA7aToyNjtpOjA7aToyNztpOjA7aToyODtpOjA7aToyOTtpOjA7fWk6MTI7YTozMDp7aTowO2k6MDtpOjE7aTowO2k6MjtpOjA7aTozO2k6MDtpOjQ7aTowO2k6NTtpOjA7aTo2O2k6MDtpOjc7aTowO2k6ODtpOjA7aTo5O2k6MDtpOjEwO2k6MDtpOjExO2k6MDtpOjEyO2k6MDtpOjEzO2k6MDtpOjE0O2k6MDtpOjE1O2k6MDtpOjE2O2k6MDtpOjE3O2k6MDtpOjE4O2k6MDtpOjE5O2k6MDtpOjIwO2k6MDtpOjIxO2k6MDtpOjIyO2k6MDtpOjIzO2k6MDtpOjI0O2k6MDtpOjI1O2k6MDtpOjI2O2k6MDtpOjI3O2k6MDtpOjI4O2k6MDtpOjI5O2k6MDt9aToxMzthOjMwOntpOjA7aTowO2k6MTtpOjA7aToyO2k6MDtpOjM7aTowO2k6NDtpOjA7aTo1O2k6MDtpOjY7aTowO2k6NztpOjA7aTo4O2k6MDtpOjk7aTowO2k6MTA7aTowO2k6MTE7aTowO2k6MTI7aTowO2k6MTM7aTowO2k6MTQ7aTowO2k6MTU7aTowO2k6MTY7aTowO2k6MTc7aTowO2k6MTg7aTowO2k6MTk7aTowO2k6MjA7aTowO2k6MjE7aTowO2k6MjI7aTowO2k6MjM7aTowO2k6MjQ7aTowO2k6MjU7aTowO2k6MjY7aTowO2k6Mjc7aTowO2k6Mjg7aTowO2k6Mjk7aTowO31pOjE0O2E6MzA6e2k6MDtpOjA7aToxO2k6MDtpOjI7aTowO2k6MztpOjA7aTo0O2k6MDtpOjU7aTowO2k6NjtpOjA7aTo3O2k6MDtpOjg7aTowO2k6OTtpOjA7aToxMDtpOjA7aToxMTtpOjA7aToxMjtpOjA7aToxMztpOjA7aToxNDtpOjA7aToxNTtpOjA7aToxNjtpOjA7aToxNztpOjA7aToxODtpOjA7aToxOTtpOjA7aToyMDtpOjA7aToyMTtpOjA7aToyMjtpOjA7aToyMztpOjA7aToyNDtpOjA7aToyNTtpOjA7aToyNjtpOjA7aToyNztpOjA7aToyODtpOjA7aToyOTtpOjA7fWk6MTU7YTozMDp7aTowO2k6MDtpOjE7aTowO2k6MjtpOjA7aTozO2k6MDtpOjQ7aTowO2k6NTtpOjA7aTo2O2k6MDtpOjc7aTowO2k6ODtpOjA7aTo5O2k6MDtpOjEwO2k6MDtpOjExO2k6MDtpOjEyO2k6MDtpOjEzO2k6MDtpOjE0O2k6MDtpOjE1O2k6MDtpOjE2O2k6MDtpOjE3O2k6MDtpOjE4O2k6MDtpOjE5O2k6MDtpOjIwO2k6MDtpOjIxO2k6MDtpOjIyO2k6MDtpOjIzO2k6MDtpOjI0O2k6MDtpOjI1O2k6MDtpOjI2O2k6MDtpOjI3O2k6MDtpOjI4O2k6MDtpOjI5O2k6MDt9aToxNjthOjMwOntpOjA7aTowO2k6MTtpOjA7aToyO2k6MDtpOjM7aTowO2k6NDtpOjM5O2k6NTtpOjA7aTo2O2k6MDtpOjc7aTowO2k6ODtpOjA7aTo5O2k6MDtpOjEwO2k6MDtpOjExO2k6MDtpOjEyO2k6MDtpOjEzO2k6MDtpOjE0O2k6MDtpOjE1O2k6MDtpOjE2O2k6MDtpOjE3O2k6MDtpOjE4O2k6MDtpOjE5O2k6MDtpOjIwO2k6MDtpOjIxO2k6MDtpOjIyO2k6MDtpOjIzO2k6MDtpOjI0O2k6MDtpOjI1O2k6MDtpOjI2O2k6MDtpOjI3O2k6MDtpOjI4O2k6MDtpOjI5O2k6MDt9aToxNzthOjMwOntpOjA7aTowO2k6MTtpOjA7aToyO2k6MDtpOjM7aTowO2k6NDtpOjA7aTo1O2k6MDtpOjY7aTowO2k6NztpOjA7aTo4O2k6MDtpOjk7aTowO2k6MTA7aTowO2k6MTE7aTowO2k6MTI7aTowO2k6MTM7aTowO2k6MTQ7aTowO2k6MTU7aTowO2k6MTY7aTowO2k6MTc7aTowO2k6MTg7aTowO2k6MTk7aTowO2k6MjA7aTowO2k6MjE7aTowO2k6MjI7aTowO2k6MjM7aTowO2k6MjQ7aTowO2k6MjU7aTowO2k6MjY7aTowO2k6Mjc7aTowO2k6Mjg7aTowO2k6Mjk7aTowO31pOjE4O2E6MzA6e2k6MDtpOjA7aToxO2k6MDtpOjI7aTowO2k6MztpOjA7aTo0O2k6MDtpOjU7aTowO2k6NjtpOjA7aTo3O2k6MDtpOjg7aTowO2k6OTtpOjA7aToxMDtpOjA7aToxMTtpOjA7aToxMjtpOjA7aToxMztpOjA7aToxNDtpOjA7aToxNTtpOjA7aToxNjtpOjA7aToxNztpOjA7aToxODtpOjA7aToxOTtpOjA7aToyMDtpOjA7aToyMTtpOjA7aToyMjtpOjA7aToyMztpOjA7aToyNDtpOjA7aToyNTtpOjA7aToyNjtpOjA7aToyNztpOjA7aToyODtpOjA7aToyOTtpOjA7fWk6MTk7YTozMDp7aTowO2k6MDtpOjE7aTowO2k6MjtpOjA7aTozO2k6MDtpOjQ7aTowO2k6NTtpOjA7aTo2O2k6MDtpOjc7aTowO2k6ODtpOjA7aTo5O2k6MDtpOjEwO2k6MDtpOjExO2k6MDtpOjEyO2k6MDtpOjEzO2k6MDtpOjE0O2k6MDtpOjE1O2k6MDtpOjE2O2k6MDtpOjE3O2k6MDtpOjE4O2k6MDtpOjE5O2k6MDtpOjIwO2k6MDtpOjIxO2k6MDtpOjIyO2k6MDtpOjIzO2k6MDtpOjI0O2k6MDtpOjI1O2k6MDtpOjI2O2k6MDtpOjI3O2k6MDtpOjI4O2k6MDtpOjI5O2k6MDt9fX0=', '73', 'WorldTheme.mp3', '1');
INSERT INTO `phpore_maps` VALUES ('4', '岔路口', 'YTozOntpOjA7YToxNTp7aTowO2E6MTU6e2k6MDtpOjE7aToxO2k6MTtpOjI7aToxO2k6MztpOjE7aTo0O2k6MTtpOjU7aToyMDtpOjY7aToyMjtpOjc7aToyMjtpOjg7aToyMjtpOjk7aToxODtpOjEwO2k6MTtpOjExO2k6MTtpOjEyO2k6MTtpOjEzO2k6MTtpOjE0O2k6MTt9aToxO2E6MTU6e2k6MDtpOjE7aToxO2k6MTtpOjI7aToxO2k6MztpOjE7aTo0O2k6MTtpOjU7aToyMDtpOjY7aToyMjtpOjc7aToyMjtpOjg7aToyMjtpOjk7aToxODtpOjEwO2k6MTtpOjExO2k6MTtpOjEyO2k6MTtpOjEzO2k6MTtpOjE0O2k6MTt9aToyO2E6MTU6e2k6MDtpOjE7aToxO2k6MTtpOjI7aToxO2k6MztpOjE7aTo0O2k6MTtpOjU7aToyMDtpOjY7aToyMjtpOjc7aToyMjtpOjg7aToyMjtpOjk7aToxODtpOjEwO2k6MTtpOjExO2k6MTtpOjEyO2k6MTtpOjEzO2k6MTtpOjE0O2k6MTt9aTozO2E6MTU6e2k6MDtpOjE7aToxO2k6MTtpOjI7aToxO2k6MztpOjE7aTo0O2k6MTtpOjU7aToyMDtpOjY7aToyMjtpOjc7aToyMjtpOjg7aToyMjtpOjk7aToxODtpOjEwO2k6MTtpOjExO2k6MTtpOjEyO2k6MTtpOjEzO2k6MTtpOjE0O2k6MTt9aTo0O2E6MTU6e2k6MDtpOjE7aToxO2k6MTtpOjI7aToxO2k6MztpOjE7aTo0O2k6MTtpOjU7aToyMDtpOjY7aToyMjtpOjc7aToyMjtpOjg7aToyMjtpOjk7aToxODtpOjEwO2k6MTtpOjExO2k6MTtpOjEyO2k6MTtpOjEzO2k6MTtpOjE0O2k6MTt9aTo1O2E6MTU6e2k6MDtpOjE7aToxO2k6MTtpOjI7aToxO2k6MztpOjE7aTo0O2k6MTtpOjU7aToyMDtpOjY7aToyMjtpOjc7aToyMjtpOjg7aToyMjtpOjk7aToxODtpOjEwO2k6MTtpOjExO2k6MTtpOjEyO2k6MTtpOjEzO2k6MTtpOjE0O2k6MTt9aTo2O2E6MTU6e2k6MDtpOjE7aToxO2k6MTtpOjI7aToxO2k6MztpOjE7aTo0O2k6MTtpOjU7aToyMDtpOjY7aToyMjtpOjc7aToyMjtpOjg7aToyMjtpOjk7aToxODtpOjEwO2k6MTtpOjExO2k6MTtpOjEyO2k6MTtpOjEzO2k6MTtpOjE0O2k6MTt9aTo3O2E6MTU6e2k6MDtpOjEzO2k6MTtpOjEzO2k6MjtpOjEzO2k6MztpOjEzO2k6NDtpOjEzO2k6NTtpOjI5O2k6NjtpOjIyO2k6NztpOjIyO2k6ODtpOjIyO2k6OTtpOjI3O2k6MTA7aToxMztpOjExO2k6MTM7aToxMjtpOjEzO2k6MTM7aToxMztpOjE0O2k6MTM7fWk6ODthOjE1OntpOjA7aToyMjtpOjE7aToyMjtpOjI7aToyMjtpOjM7aToyMjtpOjQ7aToyMjtpOjU7aToyMjtpOjY7aToyMjtpOjc7aToyMjtpOjg7aToyMjtpOjk7aToyMjtpOjEwO2k6MjI7aToxMTtpOjIyO2k6MTI7aToyMjtpOjEzO2k6MjI7aToxNDtpOjIyO31pOjk7YToxNTp7aTowO2k6MjI7aToxO2k6MjI7aToyO2k6MjI7aTozO2k6MjI7aTo0O2k6MjI7aTo1O2k6MjI7aTo2O2k6MjI7aTo3O2k6MjI7aTo4O2k6MjI7aTo5O2k6MjI7aToxMDtpOjIyO2k6MTE7aToyMjtpOjEyO2k6MjI7aToxMztpOjIyO2k6MTQ7aToyMjt9aToxMDthOjE1OntpOjA7aTozMTtpOjE7aTozMTtpOjI7aTozMTtpOjM7aTozMTtpOjQ7aTozMTtpOjU7aTozMTtpOjY7aTozMTtpOjc7aTozMTtpOjg7aTozMTtpOjk7aTozMTtpOjEwO2k6MzE7aToxMTtpOjMxO2k6MTI7aTozMTtpOjEzO2k6MzE7aToxNDtpOjMxO31pOjExO2E6MTU6e2k6MDtpOjE7aToxO2k6MTtpOjI7aToxO2k6MztpOjE7aTo0O2k6MTtpOjU7aToxO2k6NjtpOjE7aTo3O2k6MTtpOjg7aToxO2k6OTtpOjE7aToxMDtpOjE7aToxMTtpOjE7aToxMjtpOjE7aToxMztpOjE7aToxNDtpOjE7fWk6MTI7YToxNTp7aTowO2k6MTtpOjE7aToxO2k6MjtpOjE7aTozO2k6MTtpOjQ7aToxO2k6NTtpOjE7aTo2O2k6MTtpOjc7aToxO2k6ODtpOjE7aTo5O2k6MTtpOjEwO2k6MTtpOjExO2k6MTtpOjEyO2k6MTtpOjEzO2k6MTtpOjE0O2k6MTt9aToxMzthOjE1OntpOjA7aToxO2k6MTtpOjE7aToyO2k6MTtpOjM7aToxO2k6NDtpOjE7aTo1O2k6MTtpOjY7aToxO2k6NztpOjE7aTo4O2k6MTtpOjk7aToxO2k6MTA7aToxO2k6MTE7aToxO2k6MTI7aToxO2k6MTM7aToxO2k6MTQ7aToxO31pOjE0O2E6MTU6e2k6MDtpOjE7aToxO2k6MTtpOjI7aToxO2k6MztpOjE7aTo0O2k6MTtpOjU7aToxO2k6NjtpOjE7aTo3O2k6MTtpOjg7aToxO2k6OTtpOjE7aToxMDtpOjE7aToxMTtpOjE7aToxMjtpOjE7aToxMztpOjE7aToxNDtpOjE7fX1pOjE7YToxNTp7aTowO2E6MTU6e2k6MDtpOjI2O2k6MTtpOjg7aToyO2k6MDtpOjM7aTowO2k6NDtpOjg7aTo1O2k6Mzg7aTo2O2k6MDtpOjc7aTowO2k6ODtpOjA7aTo5O2k6MzY7aToxMDtpOjA7aToxMTtpOjI2O2k6MTI7aTo4O2k6MTM7aToyNjtpOjE0O2k6MjY7fWk6MTthOjE1OntpOjA7aTo4O2k6MTtpOjg7aToyO2k6MjY7aTozO2k6MDtpOjQ7aTowO2k6NTtpOjQxO2k6NjtpOjA7aTo3O2k6MDtpOjg7aTowO2k6OTtpOjQxO2k6MTA7aTowO2k6MTE7aToyNjtpOjEyO2k6MjY7aToxMztpOjg7aToxNDtpOjg7fWk6MjthOjE1OntpOjA7aTo4O2k6MTtpOjI2O2k6MjtpOjg7aTozO2k6MDtpOjQ7aTowO2k6NTtpOjQxO2k6NjtpOjA7aTo3O2k6MDtpOjg7aTowO2k6OTtpOjQxO2k6MTA7aTowO2k6MTE7aTowO2k6MTI7aToyNjtpOjEzO2k6MjY7aToxNDtpOjg7fWk6MzthOjE1OntpOjA7aTowO2k6MTtpOjg7aToyO2k6MDtpOjM7aTo4O2k6NDtpOjA7aTo1O2k6NDE7aTo2O2k6NDE7aTo3O2k6MDtpOjg7aTowO2k6OTtpOjQxO2k6MTA7aTowO2k6MTE7aTowO2k6MTI7aTowO2k6MTM7aToyNjtpOjE0O2k6ODt9aTo0O2E6MTU6e2k6MDtpOjg7aToxO2k6ODtpOjI7aTowO2k6MztpOjA7aTo0O2k6MDtpOjU7aTo0MTtpOjY7aTowO2k6NztpOjA7aTo4O2k6MDtpOjk7aTo0MTtpOjEwO2k6MDtpOjExO2k6MDtpOjEyO2k6MDtpOjEzO2k6MDtpOjE0O2k6ODt9aTo1O2E6MTU6e2k6MDtpOjA7aToxO2k6MDtpOjI7aTowO2k6MztpOjA7aTo0O2k6MDtpOjU7aTo0MTtpOjY7aTowO2k6NztpOjA7aTo4O2k6MDtpOjk7aTo0MTtpOjEwO2k6MDtpOjExO2k6ODtpOjEyO2k6MDtpOjEzO2k6MDtpOjE0O2k6MjY7fWk6NjthOjE1OntpOjA7aTo0MTtpOjE7aTo0MTtpOjI7aTowO2k6MztpOjA7aTo0O2k6MDtpOjU7aTo0MTtpOjY7aTowO2k6NztpOjA7aTo4O2k6MDtpOjk7aTo0MTtpOjEwO2k6MDtpOjExO2k6MDtpOjEyO2k6MDtpOjEzO2k6MDtpOjE0O2k6MDt9aTo3O2E6MTU6e2k6MDtpOjQwO2k6MTtpOjQ1O2k6MjtpOjQ1O2k6MztpOjQ1O2k6NDtpOjA7aTo1O2k6MDtpOjY7aTowO2k6NztpOjA7aTo4O2k6MDtpOjk7aTowO2k6MTA7aTowO2k6MTE7aTowO2k6MTI7aTowO2k6MTM7aTo0NztpOjE0O2k6NDc7fWk6ODthOjE1OntpOjA7aTowO2k6MTtpOjA7aToyO2k6MDtpOjM7aTowO2k6NDtpOjA7aTo1O2k6MDtpOjY7aTowO2k6NztpOjA7aTo4O2k6MDtpOjk7aTowO2k6MTA7aTowO2k6MTE7aTowO2k6MTI7aTowO2k6MTM7aTowO2k6MTQ7aTo0MTt9aTo5O2E6MTU6e2k6MDtpOjA7aToxO2k6MDtpOjI7aTowO2k6MztpOjA7aTo0O2k6MDtpOjU7aTowO2k6NjtpOjA7aTo3O2k6MDtpOjg7aTowO2k6OTtpOjA7aToxMDtpOjA7aToxMTtpOjA7aToxMjtpOjA7aToxMztpOjA7aToxNDtpOjQxO31pOjEwO2E6MTU6e2k6MDtpOjQ1O2k6MTtpOjQ1O2k6MjtpOjUwO2k6MztpOjUwO2k6NDtpOjA7aTo1O2k6MDtpOjY7aTowO2k6NztpOjA7aTo4O2k6MDtpOjk7aTowO2k6MTA7aTowO2k6MTE7aTowO2k6MTI7aTowO2k6MTM7aTowO2k6MTQ7aTo0Nzt9aToxMTthOjE1OntpOjA7aTo0MTtpOjE7aTo0MTtpOjI7aTowO2k6MztpOjA7aTo0O2k6ODtpOjU7aTowO2k6NjtpOjA7aTo3O2k6MDtpOjg7aTowO2k6OTtpOjA7aToxMDtpOjA7aToxMTtpOjA7aToxMjtpOjg7aToxMztpOjA7aToxNDtpOjA7fWk6MTI7YToxNTp7aTowO2k6MDtpOjE7aTowO2k6MjtpOjI2O2k6MztpOjA7aTo0O2k6MDtpOjU7aToyNjtpOjY7aTowO2k6NztpOjA7aTo4O2k6MjY7aTo5O2k6MDtpOjEwO2k6MDtpOjExO2k6MDtpOjEyO2k6MjY7aToxMztpOjA7aToxNDtpOjA7fWk6MTM7YToxNTp7aTowO2k6MDtpOjE7aTo4O2k6MjtpOjA7aTozO2k6MjY7aTo0O2k6ODtpOjU7aTowO2k6NjtpOjI2O2k6NztpOjA7aTo4O2k6MDtpOjk7aToyNjtpOjEwO2k6ODtpOjExO2k6ODtpOjEyO2k6ODtpOjEzO2k6MDtpOjE0O2k6MDt9aToxNDthOjE1OntpOjA7aTowO2k6MTtpOjI2O2k6MjtpOjA7aTozO2k6MjY7aTo0O2k6ODtpOjU7aToyNjtpOjY7aTo4O2k6NztpOjA7aTo4O2k6ODtpOjk7aTowO2k6MTA7aTowO2k6MTE7aTowO2k6MTI7aToyNjtpOjEzO2k6ODtpOjE0O2k6MDt9fWk6MjthOjE1OntpOjA7YToxNTp7aTowO2k6MDtpOjE7aTowO2k6MjtpOjA7aTozO2k6MDtpOjQ7aTowO2k6NTtpOjA7aTo2O2k6NDE7aTo3O2k6NDE7aTo4O2k6NDE7aTo5O2k6MDtpOjEwO2k6MDtpOjExO2k6MDtpOjEyO2k6MDtpOjEzO2k6MDtpOjE0O2k6MDt9aToxO2E6MTU6e2k6MDtpOjA7aToxO2k6MDtpOjI7aTowO2k6MztpOjA7aTo0O2k6MDtpOjU7aTowO2k6NjtpOjA7aTo3O2k6MDtpOjg7aTowO2k6OTtpOjA7aToxMDtpOjA7aToxMTtpOjA7aToxMjtpOjA7aToxMztpOjA7aToxNDtpOjA7fWk6MjthOjE1OntpOjA7aTowO2k6MTtpOjA7aToyO2k6MDtpOjM7aTowO2k6NDtpOjA7aTo1O2k6MDtpOjY7aTowO2k6NztpOjA7aTo4O2k6MDtpOjk7aTowO2k6MTA7aTowO2k6MTE7aTowO2k6MTI7aTowO2k6MTM7aTowO2k6MTQ7aTowO31pOjM7YToxNTp7aTowO2k6MDtpOjE7aTowO2k6MjtpOjA7aTozO2k6MDtpOjQ7aTowO2k6NTtpOjA7aTo2O2k6MDtpOjc7aTowO2k6ODtpOjA7aTo5O2k6MDtpOjEwO2k6MDtpOjExO2k6MDtpOjEyO2k6MDtpOjEzO2k6MDtpOjE0O2k6MDt9aTo0O2E6MTU6e2k6MDtpOjA7aToxO2k6MDtpOjI7aTowO2k6MztpOjA7aTo0O2k6MDtpOjU7aTowO2k6NjtpOjA7aTo3O2k6MDtpOjg7aTowO2k6OTtpOjA7aToxMDtpOjA7aToxMTtpOjA7aToxMjtpOjA7aToxMztpOjA7aToxNDtpOjA7fWk6NTthOjE1OntpOjA7aTowO2k6MTtpOjA7aToyO2k6MDtpOjM7aTowO2k6NDtpOjA7aTo1O2k6MDtpOjY7aTowO2k6NztpOjA7aTo4O2k6MDtpOjk7aTowO2k6MTA7aTowO2k6MTE7aTowO2k6MTI7aTowO2k6MTM7aTowO2k6MTQ7aTowO31pOjY7YToxNTp7aTowO2k6MDtpOjE7aTowO2k6MjtpOjA7aTozO2k6MDtpOjQ7aTowO2k6NTtpOjA7aTo2O2k6MDtpOjc7aTowO2k6ODtpOjA7aTo5O2k6MDtpOjEwO2k6MDtpOjExO2k6MDtpOjEyO2k6MDtpOjEzO2k6MDtpOjE0O2k6MDt9aTo3O2E6MTU6e2k6MDtpOjA7aToxO2k6MDtpOjI7aTowO2k6MztpOjA7aTo0O2k6MDtpOjU7aTowO2k6NjtpOjA7aTo3O2k6MDtpOjg7aTowO2k6OTtpOjA7aToxMDtpOjA7aToxMTtpOjA7aToxMjtpOjA7aToxMztpOjA7aToxNDtpOjA7fWk6ODthOjE1OntpOjA7aTowO2k6MTtpOjA7aToyO2k6MDtpOjM7aTowO2k6NDtpOjA7aTo1O2k6MDtpOjY7aTowO2k6NztpOjA7aTo4O2k6MDtpOjk7aTowO2k6MTA7aTowO2k6MTE7aTowO2k6MTI7aTowO2k6MTM7aTowO2k6MTQ7aTowO31pOjk7YToxNTp7aTowO2k6MDtpOjE7aTowO2k6MjtpOjA7aTozO2k6MDtpOjQ7aTowO2k6NTtpOjA7aTo2O2k6MDtpOjc7aTowO2k6ODtpOjA7aTo5O2k6MDtpOjEwO2k6MDtpOjExO2k6MDtpOjEyO2k6MDtpOjEzO2k6MDtpOjE0O2k6MDt9aToxMDthOjE1OntpOjA7aTowO2k6MTtpOjA7aToyO2k6MDtpOjM7aTowO2k6NDtpOjA7aTo1O2k6MDtpOjY7aTowO2k6NztpOjA7aTo4O2k6MDtpOjk7aTowO2k6MTA7aTowO2k6MTE7aTowO2k6MTI7aTowO2k6MTM7aTowO2k6MTQ7aTowO31pOjExO2E6MTU6e2k6MDtpOjA7aToxO2k6MDtpOjI7aTowO2k6MztpOjA7aTo0O2k6MDtpOjU7aTowO2k6NjtpOjA7aTo3O2k6MDtpOjg7aTowO2k6OTtpOjA7aToxMDtpOjA7aToxMTtpOjA7aToxMjtpOjA7aToxMztpOjA7aToxNDtpOjA7fWk6MTI7YToxNTp7aTowO2k6MDtpOjE7aTowO2k6MjtpOjA7aTozO2k6MDtpOjQ7aTowO2k6NTtpOjA7aTo2O2k6MDtpOjc7aTowO2k6ODtpOjA7aTo5O2k6MDtpOjEwO2k6MDtpOjExO2k6MDtpOjEyO2k6MDtpOjEzO2k6MDtpOjE0O2k6MDt9aToxMzthOjE1OntpOjA7aTowO2k6MTtpOjA7aToyO2k6MDtpOjM7aTowO2k6NDtpOjA7aTo1O2k6MDtpOjY7aTowO2k6NztpOjA7aTo4O2k6MDtpOjk7aTowO2k6MTA7aTowO2k6MTE7aTowO2k6MTI7aTowO2k6MTM7aTowO2k6MTQ7aTowO31pOjE0O2E6MTU6e2k6MDtpOjA7aToxO2k6MDtpOjI7aTowO2k6MztpOjA7aTo0O2k6MDtpOjU7aTowO2k6NjtpOjA7aTo3O2k6MDtpOjg7aTowO2k6OTtpOjA7aToxMDtpOjA7aToxMTtpOjA7aToxMjtpOjA7aToxMztpOjA7aToxNDtpOjA7fX19', '73', 'WorldTheme.mp3', '1');
INSERT INTO `phpore_maps` VALUES ('16', '盗贼团藏身处', 'YTozOntpOjA7YToyNTp7aTowO2E6MjU6e2k6MDtpOjE7aToxO2k6MTtpOjI7aToxO2k6MztpOjE7aTo0O2k6MTtpOjU7aToxO2k6NjtpOjE7aTo3O2k6MTtpOjg7aToxO2k6OTtpOjE7aToxMDtpOjE7aToxMTtpOjE7aToxMjtpOjE7aToxMztpOjE7aToxNDtpOjE7aToxNTtpOjE7aToxNjtpOjE7aToxNztpOjE7aToxODtpOjE7aToxOTtpOjE7aToyMDtpOjE7aToyMTtpOjE7aToyMjtpOjE7aToyMztpOjE7aToyNDtpOjE7fWk6MTthOjI1OntpOjA7aToxO2k6MTtpOjE7aToyO2k6MTtpOjM7aToxO2k6NDtpOjE7aTo1O2k6MTtpOjY7aToxO2k6NztpOjE7aTo4O2k6MTtpOjk7aToxO2k6MTA7aToxO2k6MTE7aToxO2k6MTI7aToxO2k6MTM7aToxO2k6MTQ7aToxO2k6MTU7aToxO2k6MTY7aToxO2k6MTc7aToxO2k6MTg7aToxO2k6MTk7aToxO2k6MjA7aToxO2k6MjE7aToxO2k6MjI7aToxO2k6MjM7aToxO2k6MjQ7aToxO31pOjI7YToyNTp7aTowO2k6MTtpOjE7aToxO2k6MjtpOjE7aTozO2k6MTtpOjQ7aToxO2k6NTtpOjE7aTo2O2k6MTtpOjc7aToxO2k6ODtpOjE7aTo5O2k6MTtpOjEwO2k6MTtpOjExO2k6MTtpOjEyO2k6MTtpOjEzO2k6MTtpOjE0O2k6MTtpOjE1O2k6MTtpOjE2O2k6MTtpOjE3O2k6MTtpOjE4O2k6MTtpOjE5O2k6MTtpOjIwO2k6MTtpOjIxO2k6MTtpOjIyO2k6MTtpOjIzO2k6MTtpOjI0O2k6MTt9aTozO2E6MjU6e2k6MDtpOjE7aToxO2k6MTtpOjI7aToxO2k6MztpOjE7aTo0O2k6MTtpOjU7aToxO2k6NjtpOjE7aTo3O2k6MTtpOjg7aToxO2k6OTtpOjE7aToxMDtpOjE7aToxMTtpOjE7aToxMjtpOjE7aToxMztpOjE7aToxNDtpOjE7aToxNTtpOjE7aToxNjtpOjE7aToxNztpOjE7aToxODtpOjE7aToxOTtpOjE7aToyMDtpOjE7aToyMTtpOjE7aToyMjtpOjE7aToyMztpOjE7aToyNDtpOjE7fWk6NDthOjI1OntpOjA7aToxO2k6MTtpOjE7aToyO2k6MTtpOjM7aToxO2k6NDtpOjE7aTo1O2k6MTtpOjY7aToxO2k6NztpOjE7aTo4O2k6MTtpOjk7aToxO2k6MTA7aToxO2k6MTE7aToxO2k6MTI7aToxO2k6MTM7aToxO2k6MTQ7aToxO2k6MTU7aToxO2k6MTY7aToxO2k6MTc7aToxO2k6MTg7aToxO2k6MTk7aToxO2k6MjA7aToxO2k6MjE7aToxO2k6MjI7aToxO2k6MjM7aToxO2k6MjQ7aToxO31pOjU7YToyNTp7aTowO2k6MTtpOjE7aToxO2k6MjtpOjE7aTozO2k6MTtpOjQ7aToxO2k6NTtpOjE7aTo2O2k6MTtpOjc7aToxO2k6ODtpOjE7aTo5O2k6MTtpOjEwO2k6MTtpOjExO2k6MTtpOjEyO2k6MTtpOjEzO2k6MTtpOjE0O2k6MTtpOjE1O2k6MTtpOjE2O2k6MTtpOjE3O2k6MTtpOjE4O2k6MTtpOjE5O2k6MTtpOjIwO2k6MTtpOjIxO2k6MTtpOjIyO2k6MTtpOjIzO2k6MTtpOjI0O2k6MTt9aTo2O2E6MjU6e2k6MDtpOjE7aToxO2k6MTtpOjI7aToxO2k6MztpOjE7aTo0O2k6MTtpOjU7aToxO2k6NjtpOjE7aTo3O2k6MTtpOjg7aToxO2k6OTtpOjE7aToxMDtpOjE7aToxMTtpOjE7aToxMjtpOjE7aToxMztpOjE7aToxNDtpOjE7aToxNTtpOjE7aToxNjtpOjE7aToxNztpOjE7aToxODtpOjE7aToxOTtpOjE7aToyMDtpOjE7aToyMTtpOjE7aToyMjtpOjE7aToyMztpOjE7aToyNDtpOjE7fWk6NzthOjI1OntpOjA7aToxO2k6MTtpOjE7aToyO2k6MTtpOjM7aToxO2k6NDtpOjE7aTo1O2k6MTtpOjY7aToxO2k6NztpOjE7aTo4O2k6MTtpOjk7aToxO2k6MTA7aToxO2k6MTE7aToxO2k6MTI7aToxO2k6MTM7aToxO2k6MTQ7aToxO2k6MTU7aToxO2k6MTY7aToxO2k6MTc7aToxO2k6MTg7aToxO2k6MTk7aToxO2k6MjA7aToxO2k6MjE7aToxO2k6MjI7aToxO2k6MjM7aToxO2k6MjQ7aToxO31pOjg7YToyNTp7aTowO2k6MTtpOjE7aToxO2k6MjtpOjE7aTozO2k6MTtpOjQ7aToxO2k6NTtpOjE7aTo2O2k6MTtpOjc7aToxO2k6ODtpOjE7aTo5O2k6MTtpOjEwO2k6MTtpOjExO2k6MTtpOjEyO2k6MTtpOjEzO2k6MTtpOjE0O2k6MTtpOjE1O2k6MTtpOjE2O2k6MTtpOjE3O2k6MTtpOjE4O2k6MTtpOjE5O2k6MTtpOjIwO2k6MTtpOjIxO2k6MTtpOjIyO2k6MTtpOjIzO2k6MTtpOjI0O2k6MTt9aTo5O2E6MjU6e2k6MDtpOjEzO2k6MTtpOjEzO2k6MjtpOjEzO2k6MztpOjEzO2k6NDtpOjE0O2k6NTtpOjE7aTo2O2k6MTtpOjc7aToxO2k6ODtpOjE7aTo5O2k6MTtpOjEwO2k6MTtpOjExO2k6MTtpOjEyO2k6MTtpOjEzO2k6MTtpOjE0O2k6MTtpOjE1O2k6MTtpOjE2O2k6MTtpOjE3O2k6MTtpOjE4O2k6MTtpOjE5O2k6MTtpOjIwO2k6MTtpOjIxO2k6MTtpOjIyO2k6MTtpOjIzO2k6MTtpOjI0O2k6MTt9aToxMDthOjI1OntpOjA7aToyO2k6MTtpOjI7aToyO2k6MjtpOjM7aToyO2k6NDtpOjI3O2k6NTtpOjE0O2k6NjtpOjE7aTo3O2k6MTtpOjg7aToxO2k6OTtpOjE7aToxMDtpOjE7aToxMTtpOjE7aToxMjtpOjE7aToxMztpOjE7aToxNDtpOjE7aToxNTtpOjE7aToxNjtpOjE7aToxNztpOjE7aToxODtpOjE7aToxOTtpOjE7aToyMDtpOjE7aToyMTtpOjE7aToyMjtpOjE7aToyMztpOjE7aToyNDtpOjE7fWk6MTE7YToyNTp7aTowO2k6MjtpOjE7aToyO2k6MjtpOjI7aTozO2k6MjtpOjQ7aToyO2k6NTtpOjI3O2k6NjtpOjE0O2k6NztpOjE7aTo4O2k6MTtpOjk7aToxO2k6MTA7aToxO2k6MTE7aToxO2k6MTI7aToxO2k6MTM7aToxO2k6MTQ7aToxO2k6MTU7aToxO2k6MTY7aToxO2k6MTc7aToxO2k6MTg7aToxO2k6MTk7aToxO2k6MjA7aToxO2k6MjE7aToxO2k6MjI7aToxO2k6MjM7aToxO2k6MjQ7aToxO31pOjEyO2E6MjU6e2k6MDtpOjI7aToxO2k6MjtpOjI7aToyO2k6MztpOjI7aTo0O2k6MjtpOjU7aToyO2k6NjtpOjI3O2k6NztpOjE0O2k6ODtpOjE7aTo5O2k6MTtpOjEwO2k6MTtpOjExO2k6MTtpOjEyO2k6MTtpOjEzO2k6MTtpOjE0O2k6MTtpOjE1O2k6MTtpOjE2O2k6MTtpOjE3O2k6MTtpOjE4O2k6MTtpOjE5O2k6MTtpOjIwO2k6MTtpOjIxO2k6MTtpOjIyO2k6MTtpOjIzO2k6MTtpOjI0O2k6MTt9aToxMzthOjI1OntpOjA7aToyO2k6MTtpOjI7aToyO2k6MjtpOjM7aToyO2k6NDtpOjI7aTo1O2k6MjtpOjY7aToyO2k6NztpOjI3O2k6ODtpOjEzO2k6OTtpOjEzO2k6MTA7aToxMztpOjExO2k6MTM7aToxMjtpOjEzO2k6MTM7aToxMztpOjE0O2k6MTM7aToxNTtpOjEzO2k6MTY7aToxMztpOjE3O2k6MTM7aToxODtpOjEzO2k6MTk7aToxMztpOjIwO2k6MTQ7aToyMTtpOjE7aToyMjtpOjE7aToyMztpOjE7aToyNDtpOjE7fWk6MTQ7YToyNTp7aTowO2k6MjtpOjE7aToxNTtpOjI7aToxNjtpOjM7aToxNjtpOjQ7aToxNjtpOjU7aToxNjtpOjY7aToxNjtpOjc7aToxNjtpOjg7aToxNjtpOjk7aToxNjtpOjEwO2k6MTY7aToxMTtpOjE2O2k6MTI7aToxNjtpOjEzO2k6MTY7aToxNDtpOjE2O2k6MTU7aToxNjtpOjE2O2k6MTY7aToxNztpOjE3O2k6MTg7aToyO2k6MTk7aToyO2k6MjA7aToyMztpOjIxO2k6MTtpOjIyO2k6MTtpOjIzO2k6MTtpOjI0O2k6MTt9aToxNTthOjI1OntpOjA7aToyO2k6MTtpOjI0O2k6MjtpOjM7aTozO2k6NDI7aTo0O2k6NTtpOjU7aTo1O2k6NjtpOjU7aTo3O2k6NTtpOjg7aTo1O2k6OTtpOjU7aToxMDtpOjU7aToxMTtpOjQ0O2k6MTI7aToyNTtpOjEzO2k6MjU7aToxNDtpOjI1O2k6MTU7aToyNTtpOjE2O2k6MjU7aToxNztpOjI2O2k6MTg7aToyO2k6MTk7aToyO2k6MjA7aToyMztpOjIxO2k6MTtpOjIyO2k6MTtpOjIzO2k6MTtpOjI0O2k6MTt9aToxNjthOjI1OntpOjA7aToyO2k6MTtpOjI0O2k6MjtpOjQyO2k6MztpOjU7aTo0O2k6MTtpOjU7aToxO2k6NjtpOjE7aTo3O2k6MTtpOjg7aToxO2k6OTtpOjE7aToxMDtpOjE7aToxMTtpOjQ0O2k6MTI7aToyNTtpOjEzO2k6MjU7aToxNDtpOjI1O2k6MTU7aToyNTtpOjE2O2k6MjU7aToxNztpOjI2O2k6MTg7aToyO2k6MTk7aToyO2k6MjA7aToyNztpOjIxO2k6MTtpOjIyO2k6MTtpOjIzO2k6MTtpOjI0O2k6MTt9aToxNzthOjI1OntpOjA7aToyO2k6MTtpOjI0O2k6MjtpOjUxO2k6MztpOjE7aTo0O2k6MTtpOjU7aToxO2k6NjtpOjE7aTo3O2k6MTtpOjg7aToxO2k6OTtpOjE7aToxMDtpOjE7aToxMTtpOjU7aToxMjtpOjU7aToxMztpOjU7aToxNDtpOjQ0O2k6MTU7aToyNTtpOjE2O2k6MjU7aToxNztpOjI2O2k6MTg7aToyO2k6MTk7aToyO2k6MjA7aToyO2k6MjE7aToyNztpOjIyO2k6MTtpOjIzO2k6MTtpOjI0O2k6MTt9aToxODthOjI1OntpOjA7aToyO2k6MTtpOjI0O2k6MjtpOjUxO2k6MztpOjE7aTo0O2k6MTtpOjU7aToxO2k6NjtpOjE7aTo3O2k6MTtpOjg7aToxO2k6OTtpOjE7aToxMDtpOjE7aToxMTtpOjE7aToxMjtpOjE7aToxMztpOjE7aToxNDtpOjU7aToxNTtpOjQ0O2k6MTY7aToyNTtpOjE3O2k6MjY7aToxODtpOjI7aToxOTtpOjI7aToyMDtpOjI7aToyMTtpOjI7aToyMjtpOjI3O2k6MjM7aToxO2k6MjQ7aToxO31pOjE5O2E6MjU6e2k6MDtpOjI7aToxO2k6MjQ7aToyO2k6NTE7aTozO2k6MTtpOjQ7aToxO2k6NTtpOjE7aTo2O2k6MTtpOjc7aToxO2k6ODtpOjE7aTo5O2k6MTtpOjEwO2k6MTtpOjExO2k6MTtpOjEyO2k6MTtpOjEzO2k6MTtpOjE0O2k6MTtpOjE1O2k6NDQ7aToxNjtpOjI1O2k6MTc7aToyNjtpOjE4O2k6MjtpOjE5O2k6MjtpOjIwO2k6MjtpOjIxO2k6MjtpOjIyO2k6MjtpOjIzO2k6Mjc7aToyNDtpOjE0O31pOjIwO2E6MjU6e2k6MDtpOjI7aToxO2k6MjQ7aToyO2k6NTE7aTozO2k6MTtpOjQ7aToxO2k6NTtpOjE7aTo2O2k6MTtpOjc7aToxO2k6ODtpOjE7aTo5O2k6MTtpOjEwO2k6MTtpOjExO2k6MTtpOjEyO2k6MTtpOjEzO2k6MTtpOjE0O2k6MTtpOjE1O2k6NDQ7aToxNjtpOjI1O2k6MTc7aToyNjtpOjE4O2k6MjtpOjE5O2k6MjtpOjIwO2k6MjtpOjIxO2k6MjtpOjIyO2k6MjtpOjIzO2k6MjtpOjI0O2k6MjM7fWk6MjE7YToyNTp7aTowO2k6MjtpOjE7aToyNDtpOjI7aTo2MDtpOjM7aTo2MTtpOjQ7aTo2MTtpOjU7aTo2MTtpOjY7aToxO2k6NztpOjE7aTo4O2k6MTtpOjk7aToxO2k6MTA7aToxO2k6MTE7aToxO2k6MTI7aToxO2k6MTM7aToxO2k6MTQ7aToxO2k6MTU7aTo0NDtpOjE2O2k6MjU7aToxNztpOjI2O2k6MTg7aToyO2k6MTk7aToyO2k6MjA7aToyO2k6MjE7aToyO2k6MjI7aToyO2k6MjM7aToyO2k6MjQ7aToyMzt9aToyMjthOjI1OntpOjA7aToyO2k6MTtpOjI0O2k6MjtpOjI1O2k6MztpOjI1O2k6NDtpOjI1O2k6NTtpOjI1O2k6NjtpOjYxO2k6NztpOjYxO2k6ODtpOjYxO2k6OTtpOjYxO2k6MTA7aTo2MTtpOjExO2k6NjE7aToxMjtpOjYxO2k6MTM7aTo2MTtpOjE0O2k6NjE7aToxNTtpOjYyO2k6MTY7aToyNTtpOjE3O2k6MjY7aToxODtpOjI7aToxOTtpOjI7aToyMDtpOjI7aToyMTtpOjI7aToyMjtpOjI7aToyMztpOjI7aToyNDtpOjIzO31pOjIzO2E6MjU6e2k6MDtpOjI7aToxO2k6MzM7aToyO2k6MzQ7aTozO2k6MzQ7aTo0O2k6MzQ7aTo1O2k6MzQ7aTo2O2k6MzQ7aTo3O2k6MzQ7aTo4O2k6MzQ7aTo5O2k6MzQ7aToxMDtpOjM0O2k6MTE7aTozNDtpOjEyO2k6MzQ7aToxMztpOjM0O2k6MTQ7aTozNDtpOjE1O2k6MzQ7aToxNjtpOjM0O2k6MTc7aTozNTtpOjE4O2k6MjtpOjE5O2k6MjtpOjIwO2k6MjtpOjIxO2k6MjtpOjIyO2k6MjtpOjIzO2k6MjtpOjI0O2k6MjM7fWk6MjQ7YToyNTp7aTowO2k6MjtpOjE7aToyO2k6MjtpOjI7aTozO2k6MjtpOjQ7aToyO2k6NTtpOjI7aTo2O2k6MjtpOjc7aToyO2k6ODtpOjI7aTo5O2k6MjtpOjEwO2k6MjtpOjExO2k6MjtpOjEyO2k6MjtpOjEzO2k6MjtpOjE0O2k6MjtpOjE1O2k6MjtpOjE2O2k6MjtpOjE3O2k6MjtpOjE4O2k6MjtpOjE5O2k6MjtpOjIwO2k6MjtpOjIxO2k6MjtpOjIyO2k6MjtpOjIzO2k6MjtpOjI0O2k6MjM7fX1pOjE7YToyNTp7aTowO2E6MjU6e2k6MDtpOjM4O2k6MTtpOjI4O2k6MjtpOjI4O2k6MztpOjI4O2k6NDtpOjI4O2k6NTtpOjI4O2k6NjtpOjI4O2k6NztpOjI4O2k6ODtpOjI4O2k6OTtpOjI4O2k6MTA7aToyODtpOjExO2k6Mjg7aToxMjtpOjI4O2k6MTM7aToyODtpOjE0O2k6Mjg7aToxNTtpOjI4O2k6MTY7aToyODtpOjE3O2k6Mjg7aToxODtpOjI4O2k6MTk7aToyODtpOjIwO2k6Mjg7aToyMTtpOjI4O2k6MjI7aToyODtpOjIzO2k6Mjg7aToyNDtpOjM2O31pOjE7YToyNTp7aTowO2k6Mzg7aToxO2k6MjY7aToyO2k6ODtpOjM7aTowO2k6NDtpOjA7aTo1O2k6MDtpOjY7aTowO2k6NztpOjA7aTo4O2k6MDtpOjk7aTo4O2k6MTA7aTowO2k6MTE7aTo0ODtpOjEyO2k6NDk7aToxMztpOjI2O2k6MTQ7aToyNjtpOjE1O2k6NDg7aToxNjtpOjQ5O2k6MTc7aToyNjtpOjE4O2k6MjY7aToxOTtpOjQ4O2k6MjA7aTo0OTtpOjIxO2k6MjY7aToyMjtpOjA7aToyMztpOjg7aToyNDtpOjM2O31pOjI7YToyNTp7aTowO2k6Mzg7aToxO2k6MjY7aToyO2k6MDtpOjM7aTowO2k6NDtpOjA7aTo1O2k6MDtpOjY7aTowO2k6NztpOjA7aTo4O2k6MDtpOjk7aTowO2k6MTA7aTowO2k6MTE7aTo1NztpOjEyO2k6NTg7aToxMztpOjI2O2k6MTQ7aTowO2k6MTU7aTo1NztpOjE2O2k6NTg7aToxNztpOjA7aToxODtpOjg7aToxOTtpOjU3O2k6MjA7aTo1ODtpOjIxO2k6MDtpOjIyO2k6MDtpOjIzO2k6MDtpOjI0O2k6MzY7fWk6MzthOjI1OntpOjA7aTozODtpOjE7aTowO2k6MjtpOjA7aTozO2k6MDtpOjQ7aTo4O2k6NTtpOjA7aTo2O2k6MzE7aTo3O2k6MzI7aTo4O2k6MDtpOjk7aTowO2k6MTA7aTowO2k6MTE7aToxNztpOjEyO2k6MTc7aToxMztpOjE4O2k6MTQ7aTowO2k6MTU7aToxNztpOjE2O2k6MTc7aToxNztpOjE4O2k6MTg7aTowO2k6MTk7aToxNztpOjIwO2k6MTc7aToyMTtpOjE4O2k6MjI7aTowO2k6MjM7aTo0MDtpOjI0O2k6NDc7fWk6NDthOjI1OntpOjA7aTozODtpOjE7aTowO2k6MjtpOjA7aTozO2k6MDtpOjQ7aTowO2k6NTtpOjMxO2k6NjtpOjMyO2k6NztpOjMxO2k6ODtpOjMyO2k6OTtpOjA7aToxMDtpOjA7aToxMTtpOjA7aToxMjtpOjA7aToxMztpOjA7aToxNDtpOjA7aToxNTtpOjA7aToxNjtpOjA7aToxNztpOjA7aToxODtpOjA7aToxOTtpOjA7aToyMDtpOjA7aToyMTtpOjA7aToyMjtpOjA7aToyMztpOjA7aToyNDtpOjA7fWk6NTthOjI1OntpOjA7aTozODtpOjE7aTo4O2k6MjtpOjA7aTozO2k6ODtpOjQ7aTozMTtpOjU7aTozMjtpOjY7aTozMTtpOjc7aTozMjtpOjg7aTozMTtpOjk7aTozMjtpOjEwO2k6MDtpOjExO2k6MDtpOjEyO2k6MDtpOjEzO2k6MDtpOjE0O2k6MDtpOjE1O2k6MDtpOjE2O2k6MDtpOjE3O2k6MDtpOjE4O2k6MDtpOjE5O2k6MDtpOjIwO2k6MDtpOjIxO2k6MDtpOjIyO2k6MDtpOjIzO2k6Mjg7aToyNDtpOjI3O31pOjY7YToyNTp7aTowO2k6Mzg7aToxO2k6MjY7aToyO2k6MDtpOjM7aToyNjtpOjQ7aTozMTtpOjU7aTozMjtpOjY7aTozMTtpOjc7aTozMjtpOjg7aTozMTtpOjk7aTozMjtpOjEwO2k6MzE7aToxMTtpOjMyO2k6MTI7aTozMTtpOjEzO2k6MzI7aToxNDtpOjMxO2k6MTU7aTozMjtpOjE2O2k6MzE7aToxNztpOjMyO2k6MTg7aTozMTtpOjE5O2k6MzI7aToyMDtpOjMxO2k6MjE7aTozMjtpOjIyO2k6MzE7aToyMztpOjMyO2k6MjQ7aTozNjt9aTo3O2E6MjU6e2k6MDtpOjM4O2k6MTtpOjg7aToyO2k6MDtpOjM7aTo4O2k6NDtpOjA7aTo1O2k6MDtpOjY7aTozMTtpOjc7aTozMjtpOjg7aTo4O2k6OTtpOjMxO2k6MTA7aTozMjtpOjExO2k6MzE7aToxMjtpOjMyO2k6MTM7aTozMTtpOjE0O2k6MzI7aToxNTtpOjMxO2k6MTY7aTozMjtpOjE3O2k6MzE7aToxODtpOjMyO2k6MTk7aTozMTtpOjIwO2k6MzI7aToyMTtpOjI2O2k6MjI7aTozMTtpOjIzO2k6MzI7aToyNDtpOjM2O31pOjg7YToyNTp7aTowO2k6Mzg7aToxO2k6ODtpOjI7aTowO2k6MztpOjA7aTo0O2k6MDtpOjU7aTowO2k6NjtpOjA7aTo3O2k6MDtpOjg7aTozMTtpOjk7aTozMjtpOjEwO2k6MDtpOjExO2k6MjY7aToxMjtpOjI2O2k6MTM7aToyNjtpOjE0O2k6MzE7aToxNTtpOjMyO2k6MTY7aTowO2k6MTc7aTozMTtpOjE4O2k6MzI7aToxOTtpOjMxO2k6MjA7aTozMjtpOjIxO2k6MjY7aToyMjtpOjg7aToyMztpOjI2O2k6MjQ7aTozNjt9aTo5O2E6MjU6e2k6MDtpOjM4O2k6MTtpOjA7aToyO2k6MDtpOjM7aTowO2k6NDtpOjA7aTo1O2k6MDtpOjY7aTowO2k6NztpOjA7aTo4O2k6MDtpOjk7aToyNjtpOjEwO2k6MjY7aToxMTtpOjI2O2k6MTI7aTowO2k6MTM7aToyNjtpOjE0O2k6MDtpOjE1O2k6MDtpOjE2O2k6MDtpOjE3O2k6MDtpOjE4O2k6MDtpOjE5O2k6MDtpOjIwO2k6MjY7aToyMTtpOjA7aToyMjtpOjI2O2k6MjM7aToyNjtpOjI0O2k6MzY7fWk6MTA7YToyNTp7aTowO2k6Mzg7aToxO2k6MDtpOjI7aTowO2k6MztpOjA7aTo0O2k6ODtpOjU7aTowO2k6NjtpOjA7aTo3O2k6MDtpOjg7aTo4O2k6OTtpOjI2O2k6MTA7aTowO2k6MTE7aToyNjtpOjEyO2k6MDtpOjEzO2k6MjY7aToxNDtpOjA7aToxNTtpOjA7aToxNjtpOjA7aToxNztpOjA7aToxODtpOjA7aToxOTtpOjA7aToyMDtpOjA7aToyMTtpOjA7aToyMjtpOjA7aToyMztpOjI2O2k6MjQ7aTozNjt9aToxMTthOjI1OntpOjA7aTozODtpOjE7aTowO2k6MjtpOjA7aTozO2k6MDtpOjQ7aTowO2k6NTtpOjA7aTo2O2k6ODtpOjc7aTowO2k6ODtpOjA7aTo5O2k6MDtpOjEwO2k6MDtpOjExO2k6MDtpOjEyO2k6MDtpOjEzO2k6MDtpOjE0O2k6MDtpOjE1O2k6MDtpOjE2O2k6MDtpOjE3O2k6MDtpOjE4O2k6MDtpOjE5O2k6MDtpOjIwO2k6MDtpOjIxO2k6MDtpOjIyO2k6MDtpOjIzO2k6MjY7aToyNDtpOjM2O31pOjEyO2E6MjU6e2k6MDtpOjM4O2k6MTtpOjA7aToyO2k6ODtpOjM7aTowO2k6NDtpOjA7aTo1O2k6MDtpOjY7aTowO2k6NztpOjA7aTo4O2k6MDtpOjk7aTowO2k6MTA7aTowO2k6MTE7aTowO2k6MTI7aTowO2k6MTM7aTowO2k6MTQ7aTowO2k6MTU7aTo4O2k6MTY7aTowO2k6MTc7aTowO2k6MTg7aTowO2k6MTk7aTo4O2k6MjA7aTowO2k6MjE7aTowO2k6MjI7aTowO2k6MjM7aTowO2k6MjQ7aTozNjt9aToxMzthOjI1OntpOjA7aTozODtpOjE7aTowO2k6MjtpOjA7aTozO2k6MDtpOjQ7aTowO2k6NTtpOjA7aTo2O2k6MDtpOjc7aTowO2k6ODtpOjg7aTo5O2k6MjY7aToxMDtpOjA7aToxMTtpOjA7aToxMjtpOjA7aToxMztpOjA7aToxNDtpOjA7aToxNTtpOjA7aToxNjtpOjA7aToxNztpOjA7aToxODtpOjA7aToxOTtpOjA7aToyMDtpOjA7aToyMTtpOjA7aToyMjtpOjI2O2k6MjM7aTowO2k6MjQ7aTozNjt9aToxNDthOjI1OntpOjA7aTozODtpOjE7aTowO2k6MjtpOjA7aTozO2k6MDtpOjQ7aTowO2k6NTtpOjA7aTo2O2k6MDtpOjc7aTowO2k6ODtpOjA7aTo5O2k6MjY7aToxMDtpOjA7aToxMTtpOjY7aToxMjtpOjA7aToxMztpOjA7aToxNDtpOjc7aToxNTtpOjA7aToxNjtpOjA7aToxNztpOjA7aToxODtpOjA7aToxOTtpOjA7aToyMDtpOjA7aToyMTtpOjA7aToyMjtpOjA7aToyMztpOjA7aToyNDtpOjM2O31pOjE1O2E6MjU6e2k6MDtpOjM4O2k6MTtpOjA7aToyO2k6MDtpOjM7aTowO2k6NDtpOjE7aTo1O2k6MTtpOjY7aToxO2k6NztpOjE7aTo4O2k6MTtpOjk7aToxO2k6MTA7aToxO2k6MTE7aToxNTtpOjEyO2k6NjtpOjEzO2k6NjtpOjE0O2k6MTY7aToxNTtpOjA7aToxNjtpOjA7aToxNztpOjA7aToxODtpOjA7aToxOTtpOjA7aToyMDtpOjA7aToyMTtpOjA7aToyMjtpOjA7aToyMztpOjI2O2k6MjQ7aTozNjt9aToxNjthOjI1OntpOjA7aTozODtpOjE7aTowO2k6MjtpOjA7aTozO2k6MTtpOjQ7aToxMDtpOjU7aToxMDtpOjY7aToxMDtpOjc7aToxMDtpOjg7aToxMDtpOjk7aToxMDtpOjEwO2k6MTA7aToxMTtpOjA7aToxMjtpOjE1O2k6MTM7aToxNTtpOjE0O2k6MjU7aToxNTtpOjA7aToxNjtpOjA7aToxNztpOjA7aToxODtpOjA7aToxOTtpOjA7aToyMDtpOjA7aToyMTtpOjA7aToyMjtpOjA7aToyMztpOjA7aToyNDtpOjM2O31pOjE3O2E6MjU6e2k6MDtpOjM4O2k6MTtpOjA7aToyO2k6MDtpOjM7aToxMDtpOjQ7aToxMDtpOjU7aToxMDtpOjY7aToxMDtpOjc7aToxMDtpOjg7aToxMDtpOjk7aToxMDtpOjEwO2k6MTA7aToxMTtpOjE7aToxMjtpOjE7aToxMztpOjE7aToxNDtpOjA7aToxNTtpOjY7aToxNjtpOjA7aToxNztpOjA7aToxODtpOjA7aToxOTtpOjA7aToyMDtpOjA7aToyMTtpOjA7aToyMjtpOjA7aToyMztpOjA7aToyNDtpOjM2O31pOjE4O2E6MjU6e2k6MDtpOjM4O2k6MTtpOjA7aToyO2k6MDtpOjM7aToxMDtpOjQ7aToxMDtpOjU7aToxMDtpOjY7aToxMDtpOjc7aToxMDtpOjg7aToxMDtpOjk7aToxMDtpOjEwO2k6MTA7aToxMTtpOjEwO2k6MTI7aToxMDtpOjEzO2k6MTA7aToxNDtpOjE7aToxNTtpOjE1O2k6MTY7aTowO2k6MTc7aTowO2k6MTg7aTowO2k6MTk7aTowO2k6MjA7aTowO2k6MjE7aTowO2k6MjI7aTowO2k6MjM7aTowO2k6MjQ7aTozNjt9aToxOTthOjI1OntpOjA7aTozODtpOjE7aTowO2k6MjtpOjc7aTozO2k6MTA7aTo0O2k6MTA7aTo1O2k6MTA7aTo2O2k6MTA7aTo3O2k6MTA7aTo4O2k6MTA7aTo5O2k6MTA7aToxMDtpOjEwO2k6MTE7aToxMDtpOjEyO2k6MTA7aToxMztpOjEwO2k6MTQ7aToxMDtpOjE1O2k6NjtpOjE2O2k6MDtpOjE3O2k6MDtpOjE4O2k6MDtpOjE5O2k6MDtpOjIwO2k6MDtpOjIxO2k6MDtpOjIyO2k6MDtpOjIzO2k6MDtpOjI0O2k6MzY7fWk6MjA7YToyNTp7aTowO2k6Mzg7aToxO2k6MDtpOjI7aToxNjtpOjM7aToxMDtpOjQ7aToxMDtpOjU7aToxMDtpOjY7aToxMDtpOjc7aToxMDtpOjg7aToxMDtpOjk7aToxMDtpOjEwO2k6MTA7aToxMTtpOjEwO2k6MTI7aToxMDtpOjEzO2k6MTA7aToxNDtpOjEwO2k6MTU7aToxNTtpOjE2O2k6MDtpOjE3O2k6MDtpOjE4O2k6MDtpOjE5O2k6MDtpOjIwO2k6NDg7aToyMTtpOjQ5O2k6MjI7aTowO2k6MjM7aTowO2k6MjQ7aTozNjt9aToyMTthOjI1OntpOjA7aTozODtpOjE7aTowO2k6MjtpOjI1O2k6MztpOjY7aTo0O2k6MDtpOjU7aTo2O2k6NjtpOjEwO2k6NztpOjEwO2k6ODtpOjEwO2k6OTtpOjEwO2k6MTA7aToxMDtpOjExO2k6MTA7aToxMjtpOjEwO2k6MTM7aToxMDtpOjE0O2k6MTA7aToxNTtpOjA7aToxNjtpOjA7aToxNztpOjA7aToxODtpOjA7aToxOTtpOjA7aToyMDtpOjU3O2k6MjE7aTo1ODtpOjIyO2k6MDtpOjIzO2k6MDtpOjI0O2k6MzY7fWk6MjI7YToyNTp7aTowO2k6Mzg7aToxO2k6MDtpOjI7aTowO2k6MztpOjE1O2k6NDtpOjA7aTo1O2k6MTU7aTo2O2k6MDtpOjc7aTowO2k6ODtpOjA7aTo5O2k6MDtpOjEwO2k6MDtpOjExO2k6MDtpOjEyO2k6MDtpOjEzO2k6MDtpOjE0O2k6MDtpOjE1O2k6MDtpOjE2O2k6MDtpOjE3O2k6MDtpOjE4O2k6MDtpOjE5O2k6MDtpOjIwO2k6MDtpOjIxO2k6MDtpOjIyO2k6MTg7aToyMztpOjA7aToyNDtpOjM2O31pOjIzO2E6MjU6e2k6MDtpOjM4O2k6MTtpOjA7aToyO2k6MDtpOjM7aTowO2k6NDtpOjA7aTo1O2k6MDtpOjY7aTowO2k6NztpOjA7aTo4O2k6MDtpOjk7aTowO2k6MTA7aTowO2k6MTE7aTowO2k6MTI7aTowO2k6MTM7aTowO2k6MTQ7aTowO2k6MTU7aTowO2k6MTY7aTowO2k6MTc7aTowO2k6MTg7aTowO2k6MTk7aTowO2k6MjA7aTowO2k6MjE7aTowO2k6MjI7aTowO2k6MjM7aTowO2k6MjQ7aTozNjt9aToyNDthOjI1OntpOjA7aTozODtpOjE7aToyODtpOjI7aToyODtpOjM7aToyODtpOjQ7aToyODtpOjU7aToyODtpOjY7aToyODtpOjc7aToyODtpOjg7aToyODtpOjk7aToyODtpOjEwO2k6Mjg7aToxMTtpOjI4O2k6MTI7aToyODtpOjEzO2k6Mjg7aToxNDtpOjI4O2k6MTU7aToyODtpOjE2O2k6Mjg7aToxNztpOjI4O2k6MTg7aToyODtpOjE5O2k6Mjg7aToyMDtpOjI4O2k6MjE7aToyODtpOjIyO2k6Mjg7aToyMztpOjI4O2k6MjQ7aTozNjt9fWk6MjthOjI1OntpOjA7YToyNTp7aTowO2k6MDtpOjE7aTowO2k6MjtpOjA7aTozO2k6MDtpOjQ7aTowO2k6NTtpOjA7aTo2O2k6MDtpOjc7aTowO2k6ODtpOjA7aTo5O2k6MDtpOjEwO2k6MDtpOjExO2k6MDtpOjEyO2k6MDtpOjEzO2k6MDtpOjE0O2k6MDtpOjE1O2k6MDtpOjE2O2k6MDtpOjE3O2k6MDtpOjE4O2k6MDtpOjE5O2k6MDtpOjIwO2k6MDtpOjIxO2k6MDtpOjIyO2k6MDtpOjIzO2k6MDtpOjI0O2k6MDt9aToxO2E6MjU6e2k6MDtpOjA7aToxO2k6MDtpOjI7aTowO2k6MztpOjA7aTo0O2k6MDtpOjU7aTowO2k6NjtpOjA7aTo3O2k6MDtpOjg7aTowO2k6OTtpOjA7aToxMDtpOjA7aToxMTtpOjA7aToxMjtpOjA7aToxMztpOjA7aToxNDtpOjA7aToxNTtpOjA7aToxNjtpOjA7aToxNztpOjA7aToxODtpOjA7aToxOTtpOjA7aToyMDtpOjA7aToyMTtpOjA7aToyMjtpOjA7aToyMztpOjA7aToyNDtpOjA7fWk6MjthOjI1OntpOjA7aTowO2k6MTtpOjA7aToyO2k6MDtpOjM7aTowO2k6NDtpOjA7aTo1O2k6MDtpOjY7aTowO2k6NztpOjA7aTo4O2k6MDtpOjk7aTowO2k6MTA7aTowO2k6MTE7aTowO2k6MTI7aTowO2k6MTM7aTowO2k6MTQ7aTowO2k6MTU7aTowO2k6MTY7aTowO2k6MTc7aTowO2k6MTg7aTowO2k6MTk7aTowO2k6MjA7aTowO2k6MjE7aTowO2k6MjI7aTowO2k6MjM7aTowO2k6MjQ7aTowO31pOjM7YToyNTp7aTowO2k6MDtpOjE7aTowO2k6MjtpOjA7aTozO2k6MDtpOjQ7aTowO2k6NTtpOjA7aTo2O2k6MDtpOjc7aTowO2k6ODtpOjA7aTo5O2k6MDtpOjEwO2k6MDtpOjExO2k6MDtpOjEyO2k6MDtpOjEzO2k6MDtpOjE0O2k6MDtpOjE1O2k6MDtpOjE2O2k6MDtpOjE3O2k6MDtpOjE4O2k6MDtpOjE5O2k6MDtpOjIwO2k6MDtpOjIxO2k6MDtpOjIyO2k6MDtpOjIzO2k6MDtpOjI0O2k6MDt9aTo0O2E6MjU6e2k6MDtpOjA7aToxO2k6MDtpOjI7aTowO2k6MztpOjA7aTo0O2k6MDtpOjU7aTowO2k6NjtpOjA7aTo3O2k6MDtpOjg7aTowO2k6OTtpOjA7aToxMDtpOjA7aToxMTtpOjA7aToxMjtpOjA7aToxMztpOjA7aToxNDtpOjA7aToxNTtpOjA7aToxNjtpOjA7aToxNztpOjA7aToxODtpOjA7aToxOTtpOjA7aToyMDtpOjA7aToyMTtpOjA7aToyMjtpOjA7aToyMztpOjA7aToyNDtpOjA7fWk6NTthOjI1OntpOjA7aTowO2k6MTtpOjA7aToyO2k6MDtpOjM7aTowO2k6NDtpOjA7aTo1O2k6MDtpOjY7aTowO2k6NztpOjA7aTo4O2k6MDtpOjk7aTowO2k6MTA7aTowO2k6MTE7aTowO2k6MTI7aTowO2k6MTM7aTowO2k6MTQ7aTowO2k6MTU7aTowO2k6MTY7aTowO2k6MTc7aTowO2k6MTg7aTowO2k6MTk7aTowO2k6MjA7aTowO2k6MjE7aTowO2k6MjI7aTowO2k6MjM7aTowO2k6MjQ7aTowO31pOjY7YToyNTp7aTowO2k6MDtpOjE7aTowO2k6MjtpOjA7aTozO2k6MDtpOjQ7aTowO2k6NTtpOjA7aTo2O2k6MDtpOjc7aTowO2k6ODtpOjA7aTo5O2k6MDtpOjEwO2k6MDtpOjExO2k6MDtpOjEyO2k6MDtpOjEzO2k6MDtpOjE0O2k6MDtpOjE1O2k6MDtpOjE2O2k6MDtpOjE3O2k6MDtpOjE4O2k6MDtpOjE5O2k6MDtpOjIwO2k6MDtpOjIxO2k6MDtpOjIyO2k6MDtpOjIzO2k6MDtpOjI0O2k6MDt9aTo3O2E6MjU6e2k6MDtpOjA7aToxO2k6MDtpOjI7aTowO2k6MztpOjA7aTo0O2k6MDtpOjU7aTowO2k6NjtpOjA7aTo3O2k6MDtpOjg7aTowO2k6OTtpOjA7aToxMDtpOjA7aToxMTtpOjA7aToxMjtpOjA7aToxMztpOjA7aToxNDtpOjA7aToxNTtpOjA7aToxNjtpOjA7aToxNztpOjA7aToxODtpOjA7aToxOTtpOjA7aToyMDtpOjA7aToyMTtpOjA7aToyMjtpOjA7aToyMztpOjA7aToyNDtpOjA7fWk6ODthOjI1OntpOjA7aTowO2k6MTtpOjA7aToyO2k6MDtpOjM7aTowO2k6NDtpOjA7aTo1O2k6MDtpOjY7aTowO2k6NztpOjA7aTo4O2k6MDtpOjk7aTowO2k6MTA7aTowO2k6MTE7aTowO2k6MTI7aTowO2k6MTM7aTowO2k6MTQ7aTowO2k6MTU7aTowO2k6MTY7aTowO2k6MTc7aTowO2k6MTg7aTowO2k6MTk7aTowO2k6MjA7aTowO2k6MjE7aTowO2k6MjI7aTowO2k6MjM7aTowO2k6MjQ7aTowO31pOjk7YToyNTp7aTowO2k6MDtpOjE7aTowO2k6MjtpOjA7aTozO2k6MDtpOjQ7aTowO2k6NTtpOjA7aTo2O2k6MDtpOjc7aTowO2k6ODtpOjA7aTo5O2k6MDtpOjEwO2k6MDtpOjExO2k6MDtpOjEyO2k6MDtpOjEzO2k6MDtpOjE0O2k6MDtpOjE1O2k6MDtpOjE2O2k6MDtpOjE3O2k6MDtpOjE4O2k6MDtpOjE5O2k6MDtpOjIwO2k6MDtpOjIxO2k6MDtpOjIyO2k6MDtpOjIzO2k6MDtpOjI0O2k6MDt9aToxMDthOjI1OntpOjA7aTowO2k6MTtpOjA7aToyO2k6MDtpOjM7aTowO2k6NDtpOjA7aTo1O2k6MDtpOjY7aTowO2k6NztpOjA7aTo4O2k6MDtpOjk7aTowO2k6MTA7aTowO2k6MTE7aTowO2k6MTI7aTowO2k6MTM7aTowO2k6MTQ7aTowO2k6MTU7aTowO2k6MTY7aTowO2k6MTc7aTowO2k6MTg7aTowO2k6MTk7aTowO2k6MjA7aTowO2k6MjE7aTowO2k6MjI7aTowO2k6MjM7aTowO2k6MjQ7aTowO31pOjExO2E6MjU6e2k6MDtpOjA7aToxO2k6MDtpOjI7aTowO2k6MztpOjA7aTo0O2k6MDtpOjU7aTowO2k6NjtpOjA7aTo3O2k6MDtpOjg7aTowO2k6OTtpOjA7aToxMDtpOjA7aToxMTtpOjA7aToxMjtpOjA7aToxMztpOjA7aToxNDtpOjA7aToxNTtpOjA7aToxNjtpOjA7aToxNztpOjA7aToxODtpOjA7aToxOTtpOjA7aToyMDtpOjA7aToyMTtpOjA7aToyMjtpOjA7aToyMztpOjA7aToyNDtpOjA7fWk6MTI7YToyNTp7aTowO2k6MDtpOjE7aTowO2k6MjtpOjA7aTozO2k6MDtpOjQ7aTowO2k6NTtpOjA7aTo2O2k6MDtpOjc7aTowO2k6ODtpOjA7aTo5O2k6MDtpOjEwO2k6MDtpOjExO2k6MDtpOjEyO2k6MDtpOjEzO2k6MDtpOjE0O2k6MDtpOjE1O2k6MDtpOjE2O2k6MDtpOjE3O2k6MDtpOjE4O2k6MDtpOjE5O2k6MDtpOjIwO2k6MDtpOjIxO2k6MDtpOjIyO2k6MDtpOjIzO2k6MDtpOjI0O2k6MDt9aToxMzthOjI1OntpOjA7aTowO2k6MTtpOjA7aToyO2k6MDtpOjM7aTowO2k6NDtpOjA7aTo1O2k6MDtpOjY7aTowO2k6NztpOjA7aTo4O2k6MDtpOjk7aTowO2k6MTA7aTowO2k6MTE7aTowO2k6MTI7aTowO2k6MTM7aTowO2k6MTQ7aTowO2k6MTU7aTowO2k6MTY7aTowO2k6MTc7aTowO2k6MTg7aTowO2k6MTk7aTowO2k6MjA7aTowO2k6MjE7aTowO2k6MjI7aTowO2k6MjM7aTowO2k6MjQ7aTowO31pOjE0O2E6MjU6e2k6MDtpOjA7aToxO2k6MDtpOjI7aTowO2k6MztpOjA7aTo0O2k6MDtpOjU7aTowO2k6NjtpOjA7aTo3O2k6MDtpOjg7aTowO2k6OTtpOjA7aToxMDtpOjA7aToxMTtpOjA7aToxMjtpOjA7aToxMztpOjA7aToxNDtpOjA7aToxNTtpOjA7aToxNjtpOjA7aToxNztpOjA7aToxODtpOjA7aToxOTtpOjA7aToyMDtpOjA7aToyMTtpOjA7aToyMjtpOjA7aToyMztpOjA7aToyNDtpOjA7fWk6MTU7YToyNTp7aTowO2k6MDtpOjE7aTowO2k6MjtpOjA7aTozO2k6MDtpOjQ7aTowO2k6NTtpOjA7aTo2O2k6MDtpOjc7aTowO2k6ODtpOjA7aTo5O2k6MDtpOjEwO2k6MDtpOjExO2k6MDtpOjEyO2k6MDtpOjEzO2k6MDtpOjE0O2k6MDtpOjE1O2k6MDtpOjE2O2k6MDtpOjE3O2k6MDtpOjE4O2k6MDtpOjE5O2k6MDtpOjIwO2k6MDtpOjIxO2k6MDtpOjIyO2k6MDtpOjIzO2k6MDtpOjI0O2k6MDt9aToxNjthOjI1OntpOjA7aTowO2k6MTtpOjA7aToyO2k6MDtpOjM7aTowO2k6NDtpOjA7aTo1O2k6MDtpOjY7aTowO2k6NztpOjA7aTo4O2k6MDtpOjk7aTowO2k6MTA7aTowO2k6MTE7aTowO2k6MTI7aTowO2k6MTM7aTowO2k6MTQ7aTowO2k6MTU7aTowO2k6MTY7aTowO2k6MTc7aTowO2k6MTg7aTowO2k6MTk7aTowO2k6MjA7aTowO2k6MjE7aTowO2k6MjI7aTowO2k6MjM7aTowO2k6MjQ7aTowO31pOjE3O2E6MjU6e2k6MDtpOjA7aToxO2k6MDtpOjI7aTowO2k6MztpOjA7aTo0O2k6MDtpOjU7aTowO2k6NjtpOjA7aTo3O2k6MDtpOjg7aTowO2k6OTtpOjA7aToxMDtpOjA7aToxMTtpOjA7aToxMjtpOjA7aToxMztpOjA7aToxNDtpOjA7aToxNTtpOjA7aToxNjtpOjA7aToxNztpOjA7aToxODtpOjA7aToxOTtpOjA7aToyMDtpOjA7aToyMTtpOjA7aToyMjtpOjA7aToyMztpOjA7aToyNDtpOjA7fWk6MTg7YToyNTp7aTowO2k6MDtpOjE7aTowO2k6MjtpOjA7aTozO2k6MDtpOjQ7aTowO2k6NTtpOjA7aTo2O2k6MDtpOjc7aTowO2k6ODtpOjA7aTo5O2k6MDtpOjEwO2k6MDtpOjExO2k6MDtpOjEyO2k6MDtpOjEzO2k6MDtpOjE0O2k6MDtpOjE1O2k6MDtpOjE2O2k6MDtpOjE3O2k6MDtpOjE4O2k6MDtpOjE5O2k6MDtpOjIwO2k6MDtpOjIxO2k6MDtpOjIyO2k6MDtpOjIzO2k6MDtpOjI0O2k6MDt9aToxOTthOjI1OntpOjA7aTowO2k6MTtpOjA7aToyO2k6MDtpOjM7aTowO2k6NDtpOjA7aTo1O2k6MDtpOjY7aTowO2k6NztpOjA7aTo4O2k6MDtpOjk7aTowO2k6MTA7aTowO2k6MTE7aTowO2k6MTI7aTowO2k6MTM7aTowO2k6MTQ7aTowO2k6MTU7aTowO2k6MTY7aTowO2k6MTc7aTowO2k6MTg7aTowO2k6MTk7aTowO2k6MjA7aTowO2k6MjE7aTowO2k6MjI7aTowO2k6MjM7aTowO2k6MjQ7aTowO31pOjIwO2E6MjU6e2k6MDtpOjA7aToxO2k6MDtpOjI7aTowO2k6MztpOjA7aTo0O2k6MDtpOjU7aTowO2k6NjtpOjA7aTo3O2k6MDtpOjg7aTowO2k6OTtpOjA7aToxMDtpOjA7aToxMTtpOjA7aToxMjtpOjA7aToxMztpOjA7aToxNDtpOjA7aToxNTtpOjA7aToxNjtpOjA7aToxNztpOjA7aToxODtpOjA7aToxOTtpOjA7aToyMDtpOjA7aToyMTtpOjA7aToyMjtpOjA7aToyMztpOjA7aToyNDtpOjA7fWk6MjE7YToyNTp7aTowO2k6MDtpOjE7aTowO2k6MjtpOjA7aTozO2k6MDtpOjQ7aTowO2k6NTtpOjA7aTo2O2k6MDtpOjc7aTowO2k6ODtpOjA7aTo5O2k6MDtpOjEwO2k6MDtpOjExO2k6MDtpOjEyO2k6MDtpOjEzO2k6MDtpOjE0O2k6MDtpOjE1O2k6MDtpOjE2O2k6MDtpOjE3O2k6MDtpOjE4O2k6MDtpOjE5O2k6MDtpOjIwO2k6MDtpOjIxO2k6MDtpOjIyO2k6MDtpOjIzO2k6MDtpOjI0O2k6MDt9aToyMjthOjI1OntpOjA7aTowO2k6MTtpOjA7aToyO2k6MDtpOjM7aTowO2k6NDtpOjA7aTo1O2k6MDtpOjY7aTowO2k6NztpOjA7aTo4O2k6MDtpOjk7aTowO2k6MTA7aTowO2k6MTE7aTowO2k6MTI7aTowO2k6MTM7aTowO2k6MTQ7aTowO2k6MTU7aTowO2k6MTY7aTowO2k6MTc7aTowO2k6MTg7aTowO2k6MTk7aTowO2k6MjA7aTowO2k6MjE7aTowO2k6MjI7aTowO2k6MjM7aTowO2k6MjQ7aTowO31pOjIzO2E6MjU6e2k6MDtpOjA7aToxO2k6MDtpOjI7aTowO2k6MztpOjA7aTo0O2k6MDtpOjU7aTowO2k6NjtpOjA7aTo3O2k6MDtpOjg7aTowO2k6OTtpOjA7aToxMDtpOjA7aToxMTtpOjA7aToxMjtpOjA7aToxMztpOjA7aToxNDtpOjA7aToxNTtpOjA7aToxNjtpOjA7aToxNztpOjA7aToxODtpOjA7aToxOTtpOjA7aToyMDtpOjA7aToyMTtpOjA7aToyMjtpOjA7aToyMztpOjA7aToyNDtpOjA7fWk6MjQ7YToyNTp7aTowO2k6MDtpOjE7aTowO2k6MjtpOjA7aTozO2k6MDtpOjQ7aTowO2k6NTtpOjA7aTo2O2k6MDtpOjc7aTowO2k6ODtpOjA7aTo5O2k6MDtpOjEwO2k6MDtpOjExO2k6MDtpOjEyO2k6MDtpOjEzO2k6MDtpOjE0O2k6MDtpOjE1O2k6MDtpOjE2O2k6MDtpOjE3O2k6MDtpOjE4O2k6MDtpOjE5O2k6MDtpOjIwO2k6MDtpOjIxO2k6MDtpOjIyO2k6MDtpOjIzO2k6MDtpOjI0O2k6MDt9fX0=', '73', 'WorldTheme.mp3', '1');

-- ----------------------------
-- Table structure for phpore_monsters
-- ----------------------------
DROP TABLE IF EXISTS `phpore_monsters`;
CREATE TABLE `phpore_monsters` (
  `id` int(11) unsigned NOT NULL AUTO_INCREMENT,
  `hp` int(11) NOT NULL DEFAULT '0',
  `mp` int(11) NOT NULL DEFAULT '0',
  `attack` int(11) NOT NULL DEFAULT '0',
  `defense` int(11) NOT NULL DEFAULT '0',
  `agility` int(11) NOT NULL DEFAULT '0',
  `mind` int(11) NOT NULL DEFAULT '0',
  `points` int(11) NOT NULL DEFAULT '0',
  `name` char(20) NOT NULL DEFAULT '',
  `picture` char(50) NOT NULL DEFAULT '',
  `skills` char(20) NOT NULL DEFAULT '',
  PRIMARY KEY (`id`),
  UNIQUE KEY `name` (`name`) USING BTREE
) ENGINE=MyISAM AUTO_INCREMENT=5 DEFAULT CHARSET=utf8;

-- ----------------------------
-- Records of phpore_monsters
-- ----------------------------
INSERT INTO `phpore_monsters` VALUES ('1', '150', '0', '50', '50', '98', '0', '35', '加农炮', 'Bat_Cannon.png', '');
INSERT INTO `phpore_monsters` VALUES ('2', '500', '0', '100', '80', '98', '0', '100', '战狗', 'Bat_Dog.png', '');
INSERT INTO `phpore_monsters` VALUES ('3', '5000', '0', '1000', '800', '100', '0', '10000', '沙漠之舟', '沙漠之舟.png', '');
INSERT INTO `phpore_monsters` VALUES ('4', '2000', '0', '800', '500', '120', '0', '2000', '巨炮', '巨炮.png', '');

-- ----------------------------
-- Table structure for phpore_opponents
-- ----------------------------
DROP TABLE IF EXISTS `phpore_opponents`;
CREATE TABLE `phpore_opponents` (
  `id` int(11) NOT NULL AUTO_INCREMENT,
  `monster_id` int(11) NOT NULL DEFAULT '0',
  `battle_id` int(11) NOT NULL DEFAULT '0',
  `hp` int(11) NOT NULL DEFAULT '0',
  `mp` int(11) NOT NULL DEFAULT '0',
  `attack` int(11) NOT NULL DEFAULT '0',
  `defense` int(11) NOT NULL DEFAULT '0',
  `mind` int(11) NOT NULL DEFAULT '0',
  `agility` int(11) NOT NULL DEFAULT '0',
  `points` int(11) NOT NULL DEFAULT '0',
  `name` varchar(255) NOT NULL DEFAULT '',
  `picture` varchar(255) NOT NULL DEFAULT '',
  `skills` text NOT NULL,
  PRIMARY KEY (`id`)
) ENGINE=MyISAM AUTO_INCREMENT=19 DEFAULT CHARSET=utf8;

-- ----------------------------
-- Records of phpore_opponents
-- ----------------------------
INSERT INTO `phpore_opponents` VALUES ('7', '3', '9', '5000', '0', '1000', '800', '0', '100', '10000', '沙漠之舟', '沙漠之舟.png', '');
INSERT INTO `phpore_opponents` VALUES ('8', '4', '9', '2000', '0', '800', '500', '0', '120', '2000', '巨炮', '巨炮.png', '');
INSERT INTO `phpore_opponents` VALUES ('9', '3', '10', '5000', '0', '1000', '800', '0', '100', '10000', '沙漠之舟', '沙漠之舟.png', '');
INSERT INTO `phpore_opponents` VALUES ('10', '4', '10', '2000', '0', '800', '500', '0', '120', '2000', '巨炮', '巨炮.png', '');
INSERT INTO `phpore_opponents` VALUES ('11', '3', '11', '5000', '0', '1000', '800', '0', '100', '10000', '沙漠之舟', '沙漠之舟.png', '');
INSERT INTO `phpore_opponents` VALUES ('12', '4', '11', '2000', '0', '800', '500', '0', '120', '2000', '巨炮', '巨炮.png', '');
INSERT INTO `phpore_opponents` VALUES ('13', '3', '12', '5000', '0', '1000', '800', '0', '100', '10000', '沙漠之舟', '沙漠之舟.png', '');
INSERT INTO `phpore_opponents` VALUES ('14', '4', '12', '2000', '0', '800', '500', '0', '120', '2000', '巨炮', '巨炮.png', '');
INSERT INTO `phpore_opponents` VALUES ('15', '3', '13', '5000', '0', '1000', '800', '0', '100', '10000', '沙漠之舟', '沙漠之舟.png', '');
INSERT INTO `phpore_opponents` VALUES ('16', '4', '13', '2000', '0', '800', '500', '0', '120', '2000', '巨炮', '巨炮.png', '');
INSERT INTO `phpore_opponents` VALUES ('17', '3', '14', '5000', '0', '1000', '800', '0', '100', '10000', '沙漠之舟', '沙漠之舟.png', '');
INSERT INTO `phpore_opponents` VALUES ('18', '4', '14', '2000', '0', '800', '500', '0', '120', '2000', '巨炮', '巨炮.png', '');

-- ----------------------------
-- Table structure for phpore_skills
-- ----------------------------
DROP TABLE IF EXISTS `phpore_skills`;
CREATE TABLE `phpore_skills` (
  `id` int(10) unsigned NOT NULL AUTO_INCREMENT,
  `name` char(15) NOT NULL DEFAULT '',
  `title` char(20) NOT NULL DEFAULT '',
  `php` text NOT NULL,
  `javascript` text NOT NULL,
  PRIMARY KEY (`id`),
  UNIQUE KEY `name` (`name`) USING BTREE
) ENGINE=MyISAM DEFAULT CHARSET=utf8;

-- ----------------------------
-- Records of phpore_skills
-- ----------------------------

-- ----------------------------
-- Table structure for phpore_tilesets
-- ----------------------------
DROP TABLE IF EXISTS `phpore_tilesets`;
CREATE TABLE `phpore_tilesets` (
  `id` int(11) unsigned NOT NULL AUTO_INCREMENT,
  `name` char(20) NOT NULL DEFAULT '',
  `tiles` longtext NOT NULL,
  `cols` tinyint(2) NOT NULL DEFAULT '0',
  PRIMARY KEY (`id`),
  UNIQUE KEY `name` (`name`) USING BTREE
) ENGINE=InnoDB AUTO_INCREMENT=74 DEFAULT CHARSET=utf8;

-- ----------------------------
-- Records of phpore_tilesets
-- ----------------------------
INSERT INTO `phpore_tilesets` VALUES ('73', 'laduo', 'YToyOntpOjA7YToyOntpOjA7YToxMzU6e2k6MDtzOjEwOiJ0b3duXzAucG5nIjtpOjE7czoxMDoidG93bl8xLnBuZyI7aToyO3M6MTA6InRvd25fMi5wbmciO2k6MztzOjEwOiJ0b3duXzMucG5nIjtpOjQ7czoxMDoidG93bl80LnBuZyI7aTo1O3M6MTI6InRvd25fMjc1LnBuZyI7aTo2O3M6MTA6InRvd25fMC5wbmciO2k6NztzOjEwOiJ0b3duXzAucG5nIjtpOjg7czoxMDoidG93bl8wLnBuZyI7aTo5O3M6MTA6InRvd25fOS5wbmciO2k6MTA7czoxMToidG93bl8xMC5wbmciO2k6MTE7czoxMToidG93bl8xMS5wbmciO2k6MTI7czoxMToidG93bl8xMi5wbmciO2k6MTM7czoxMToidG93bl8xMy5wbmciO2k6MTQ7czoxMToidG93bl8xNC5wbmciO2k6MTU7czoxMToidG93bl8xNS5wbmciO2k6MTY7czoxMToidG93bl8xNi5wbmciO2k6MTc7czoxMToidG93bl8xNy5wbmciO2k6MTg7czoxMToidG93bl8xOC5wbmciO2k6MTk7czoxMToidG93bl8xOS5wbmciO2k6MjA7czoxMToidG93bl8yMC5wbmciO2k6MjE7czoxMToidG93bl8yMS5wbmciO2k6MjI7czoxMToidG93bl8yMi5wbmciO2k6MjM7czoxMToidG93bl8yMy5wbmciO2k6MjQ7czoxMToidG93bl8yNC5wbmciO2k6MjU7czoxMToidG93bl8yNS5wbmciO2k6MjY7czoxMToidG93bl8yNi5wbmciO2k6Mjc7czoxMToidG93bl8yNy5wbmciO2k6Mjg7czoxMToidG93bl8yOC5wbmciO2k6Mjk7czoxMToidG93bl8yOS5wbmciO2k6MzA7czoxMToidG93bl8zMC5wbmciO2k6MzE7czoxMToidG93bl8zMS5wbmciO2k6MzI7czoxMToidG93bl8zMi5wbmciO2k6MzM7czoxMToidG93bl8zMy5wbmciO2k6MzQ7czoxMToidG93bl8zNC5wbmciO2k6MzU7czoxMToidG93bl8zNS5wbmciO2k6MzY7czoxMDoidG93bl8wLnBuZyI7aTozNztzOjEwOiJ0b3duXzAucG5nIjtpOjM4O3M6MTA6InRvd25fMC5wbmciO2k6Mzk7czoxMDoidG93bl8wLnBuZyI7aTo0MDtzOjEwOiJ0b3duXzAucG5nIjtpOjQxO3M6MTA6InRvd25fMC5wbmciO2k6NDI7czoxMToidG93bl80Mi5wbmciO2k6NDM7czoxMToidG93bl80My5wbmciO2k6NDQ7czoxMToidG93bl80NC5wbmciO2k6NDU7czoxMDoidG93bl8wLnBuZyI7aTo0NjtzOjEwOiJ0b3duXzAucG5nIjtpOjQ3O3M6MTA6InRvd25fMC5wbmciO2k6NDg7czoxMDoidG93bl8wLnBuZyI7aTo0OTtzOjEwOiJ0b3duXzAucG5nIjtpOjUwO3M6MTA6InRvd25fMC5wbmciO2k6NTE7czoxMToidG93bl81MS5wbmciO2k6NTI7czoxMToidG93bl81Mi5wbmciO2k6NTM7czoxMToidG93bl81My5wbmciO2k6NTQ7czoxMDoidG93bl8wLnBuZyI7aTo1NTtzOjEwOiJ0b3duXzAucG5nIjtpOjU2O3M6MTA6InRvd25fMC5wbmciO2k6NTc7czoxMDoidG93bl8wLnBuZyI7aTo1ODtzOjEwOiJ0b3duXzAucG5nIjtpOjU5O3M6MTA6InRvd25fMC5wbmciO2k6NjA7czoxMToidG93bl82MC5wbmciO2k6NjE7czoxMToidG93bl82MS5wbmciO2k6NjI7czoxMToidG93bl82Mi5wbmciO2k6NjM7czoxMDoidG93bl8wLnBuZyI7aTo2NDtzOjEwOiJ0b3duXzAucG5nIjtpOjY1O3M6MTA6InRvd25fMC5wbmciO2k6NjY7czoxMDoidG93bl8wLnBuZyI7aTo2NztzOjEwOiJ0b3duXzAucG5nIjtpOjY4O3M6MTA6InRvd25fMC5wbmciO2k6Njk7czoxMDoidG93bl8wLnBuZyI7aTo3MDtzOjEwOiJ0b3duXzAucG5nIjtpOjcxO3M6MTA6InRvd25fMC5wbmciO2k6NzI7czoxMDoidG93bl8wLnBuZyI7aTo3MztzOjEwOiJ0b3duXzAucG5nIjtpOjc0O3M6MTA6InRvd25fMC5wbmciO2k6NzU7czoxMDoidG93bl8wLnBuZyI7aTo3NjtzOjEwOiJ0b3duXzAucG5nIjtpOjc3O3M6MTA6InRvd25fMC5wbmciO2k6Nzg7czoxMDoidG93bl8wLnBuZyI7aTo3OTtzOjEwOiJ0b3duXzAucG5nIjtpOjgwO3M6MTA6InRvd25fMC5wbmciO2k6ODE7czoxMDoidG93bl8wLnBuZyI7aTo4MjtzOjEwOiJ0b3duXzAucG5nIjtpOjgzO3M6MTA6InRvd25fMC5wbmciO2k6ODQ7czoxMDoidG93bl8wLnBuZyI7aTo4NTtzOjEwOiJ0b3duXzAucG5nIjtpOjg2O3M6MTA6InRvd25fMC5wbmciO2k6ODc7czoxMDoidG93bl8wLnBuZyI7aTo4ODtzOjEwOiJ0b3duXzAucG5nIjtpOjg5O3M6MTA6InRvd25fMC5wbmciO2k6OTA7czoxMDoidG93bl8wLnBuZyI7aTo5MTtzOjEwOiJ0b3duXzAucG5nIjtpOjkyO3M6MTA6InRvd25fMC5wbmciO2k6OTM7czoxMDoidG93bl8wLnBuZyI7aTo5NDtzOjEwOiJ0b3duXzAucG5nIjtpOjk1O3M6MTA6InRvd25fMC5wbmciO2k6OTY7czoxMDoidG93bl8wLnBuZyI7aTo5NztzOjEwOiJ0b3duXzAucG5nIjtpOjk4O3M6MTA6InRvd25fMC5wbmciO2k6OTk7czoxMDoidG93bl8wLnBuZyI7aToxMDA7czoxMDoidG93bl8wLnBuZyI7aToxMDE7czoxMDoidG93bl8wLnBuZyI7aToxMDI7czoxMDoidG93bl8wLnBuZyI7aToxMDM7czoxMDoidG93bl8wLnBuZyI7aToxMDQ7czoxMDoidG93bl8wLnBuZyI7aToxMDU7czoxMDoidG93bl8wLnBuZyI7aToxMDY7czoxMDoidG93bl8wLnBuZyI7aToxMDc7czoxMDoidG93bl8wLnBuZyI7aToxMDg7czoxMDoidG93bl8wLnBuZyI7aToxMDk7czoxMDoidG93bl8wLnBuZyI7aToxMTA7czoxMDoidG93bl8wLnBuZyI7aToxMTE7czoxMDoidG93bl8wLnBuZyI7aToxMTI7czoxMDoidG93bl8wLnBuZyI7aToxMTM7czoxMDoidG93bl8wLnBuZyI7aToxMTQ7czoxMDoidG93bl8wLnBuZyI7aToxMTU7czoxMDoidG93bl8wLnBuZyI7aToxMTY7czoxMDoidG93bl8wLnBuZyI7aToxMTc7czoxMDoidG93bl8wLnBuZyI7aToxMTg7czoxMDoidG93bl8wLnBuZyI7aToxMTk7czoxMDoidG93bl8wLnBuZyI7aToxMjA7czoxMDoidG93bl8wLnBuZyI7aToxMjE7czoxMDoidG93bl8wLnBuZyI7aToxMjI7czoxMDoidG93bl8wLnBuZyI7aToxMjM7czoxMDoidG93bl8wLnBuZyI7aToxMjQ7czoxMDoidG93bl8wLnBuZyI7aToxMjU7czoxMDoidG93bl8wLnBuZyI7aToxMjY7czoxMDoidG93bl8wLnBuZyI7aToxMjc7czoxMDoidG93bl8wLnBuZyI7aToxMjg7czoxMDoidG93bl8wLnBuZyI7aToxMjk7czoxMDoidG93bl8wLnBuZyI7aToxMzA7czoxMDoidG93bl8wLnBuZyI7aToxMzE7czoxMDoidG93bl8wLnBuZyI7aToxMzI7czoxMDoidG93bl8wLnBuZyI7aToxMzM7czoxMDoidG93bl8wLnBuZyI7aToxMzQ7czoxMDoidG93bl8wLnBuZyI7fWk6MTthOjEzNTp7aTowO2k6MDtpOjE7aTowO2k6MjtpOjA7aTozO2k6MDtpOjQ7aToxO2k6NTtpOjA7aTo2O2k6MDtpOjc7aTowO2k6ODtpOjA7aTo5O2k6MDtpOjEwO2k6MDtpOjExO2k6MDtpOjEyO2k6MDtpOjEzO2k6MDtpOjE0O2k6MDtpOjE1O2k6MDtpOjE2O2k6MDtpOjE3O2k6MDtpOjE4O2k6MDtpOjE5O2k6MDtpOjIwO2k6MDtpOjIxO2k6MDtpOjIyO2k6MDtpOjIzO2k6MDtpOjI0O2k6MDtpOjI1O2k6MDtpOjI2O2k6MDtpOjI3O2k6MDtpOjI4O2k6MDtpOjI5O2k6MDtpOjMwO2k6MDtpOjMxO2k6MDtpOjMyO2k6MDtpOjMzO2k6MDtpOjM0O2k6MDtpOjM1O2k6MDtpOjM2O2k6MDtpOjM3O2k6MDtpOjM4O2k6MDtpOjM5O2k6MDtpOjQwO2k6MDtpOjQxO2k6MDtpOjQyO2k6MDtpOjQzO2k6MTtpOjQ0O2k6MDtpOjQ1O2k6MDtpOjQ2O2k6MDtpOjQ3O2k6MDtpOjQ4O2k6MDtpOjQ5O2k6MDtpOjUwO2k6MDtpOjUxO2k6MDtpOjUyO2k6MTtpOjUzO2k6MDtpOjU0O2k6MDtpOjU1O2k6MDtpOjU2O2k6MDtpOjU3O2k6MDtpOjU4O2k6MDtpOjU5O2k6MDtpOjYwO2k6MDtpOjYxO2k6MDtpOjYyO2k6MDtpOjYzO2k6MDtpOjY0O2k6MDtpOjY1O2k6MDtpOjY2O2k6MDtpOjY3O2k6MDtpOjY4O2k6MDtpOjY5O2k6MDtpOjcwO2k6MDtpOjcxO2k6MDtpOjcyO2k6MDtpOjczO2k6MDtpOjc0O2k6MDtpOjc1O2k6MDtpOjc2O2k6MDtpOjc3O2k6MDtpOjc4O2k6MDtpOjc5O2k6MDtpOjgwO2k6MDtpOjgxO2k6MDtpOjgyO2k6MDtpOjgzO2k6MDtpOjg0O2k6MDtpOjg1O2k6MDtpOjg2O2k6MDtpOjg3O2k6MDtpOjg4O2k6MDtpOjg5O2k6MDtpOjkwO2k6MDtpOjkxO2k6MDtpOjkyO2k6MDtpOjkzO2k6MDtpOjk0O2k6MDtpOjk1O2k6MDtpOjk2O2k6MDtpOjk3O2k6MDtpOjk4O2k6MDtpOjk5O2k6MDtpOjEwMDtpOjA7aToxMDE7aTowO2k6MTAyO2k6MDtpOjEwMztpOjA7aToxMDQ7aTowO2k6MTA1O2k6MDtpOjEwNjtpOjA7aToxMDc7aTowO2k6MTA4O2k6MDtpOjEwOTtpOjA7aToxMTA7aTowO2k6MTExO2k6MDtpOjExMjtpOjA7aToxMTM7aTowO2k6MTE0O2k6MDtpOjExNTtpOjA7aToxMTY7aTowO2k6MTE3O2k6MDtpOjExODtpOjA7aToxMTk7aTowO2k6MTIwO2k6MDtpOjEyMTtpOjA7aToxMjI7aTowO2k6MTIzO2k6MDtpOjEyNDtpOjA7aToxMjU7aTowO2k6MTI2O2k6MDtpOjEyNztpOjA7aToxMjg7aTowO2k6MTI5O2k6MDtpOjEzMDtpOjA7aToxMzE7aTowO2k6MTMyO2k6MDtpOjEzMztpOjA7aToxMzQ7aTowO319aToxO2E6Mjp7aTowO2E6MjYxOntpOjA7czoxMDoidG93bl8wLnBuZyI7aToxO3M6MTI6InRvd25fMjc0LnBuZyI7aToyO3M6MTA6InRvd25fMC5wbmciO2k6MztzOjExOiJ0b3duXzM5LnBuZyI7aTo0O3M6MTE6InRvd25fNDAucG5nIjtpOjU7czoxMToidG93bl80MS5wbmciO2k6NjtzOjExOiJ0b3duXzYzLnBuZyI7aTo3O3M6MTE6InRvd25fNjQucG5nIjtpOjg7czoxMToidG93bl82NS5wbmciO2k6OTtzOjEwOiJ0b3duXzAucG5nIjtpOjEwO3M6MTI6InRvd25fMjczLnBuZyI7aToxMTtzOjEwOiJ0b3duXzAucG5nIjtpOjEyO3M6MTE6InRvd25fNDgucG5nIjtpOjEzO3M6MTE6InRvd25fNDkucG5nIjtpOjE0O3M6MTE6InRvd25fNTAucG5nIjtpOjE1O3M6MTE6InRvd25fNzIucG5nIjtpOjE2O3M6MTE6InRvd25fNzMucG5nIjtpOjE3O3M6MTE6InRvd25fNjYucG5nIjtpOjE4O3M6MTA6InRvd25fMC5wbmciO2k6MTk7czoxMDoidG93bl8wLnBuZyI7aToyMDtzOjEwOiJ0b3duXzAucG5nIjtpOjIxO3M6MTE6InRvd25fNTcucG5nIjtpOjIyO3M6MTE6InRvd25fNTgucG5nIjtpOjIzO3M6MTE6InRvd25fNTkucG5nIjtpOjI0O3M6MTE6InRvd25fNjgucG5nIjtpOjI1O3M6MTE6InRvd25fODIucG5nIjtpOjI2O3M6MTE6InRvd25fNjcucG5nIjtpOjI3O3M6MTE6InRvd25fNjkucG5nIjtpOjI4O3M6MTE6InRvd25fNzAucG5nIjtpOjI5O3M6MTE6InRvd25fNzEucG5nIjtpOjMwO3M6MTE6InRvd25fNzUucG5nIjtpOjMxO3M6MTE6InRvd25fNzYucG5nIjtpOjMyO3M6MTE6InRvd25fNzcucG5nIjtpOjMzO3M6MTE6InRvd25fOTIucG5nIjtpOjM0O3M6MTE6InRvd25fOTMucG5nIjtpOjM1O3M6MTE6InRvd25fOTQucG5nIjtpOjM2O3M6MTE6InRvd25fNzgucG5nIjtpOjM3O3M6MTE6InRvd25fNzQucG5nIjtpOjM4O3M6MTE6InRvd25fODAucG5nIjtpOjM5O3M6MTE6InRvd25fODQucG5nIjtpOjQwO3M6MTE6InRvd25fODYucG5nIjtpOjQxO3M6MTA6InRvd25fMC5wbmciO2k6NDI7czoxMjoidG93bl8xMDEucG5nIjtpOjQzO3M6MTI6InRvd25fMTAyLnBuZyI7aTo0NDtzOjEyOiJ0b3duXzEwMy5wbmciO2k6NDU7czoxMToidG93bl84Ny5wbmciO2k6NDY7czoxMToidG93bl84OC5wbmciO2k6NDc7czoxMToidG93bl84OS5wbmciO2k6NDg7czoxMToidG93bl85MC5wbmciO2k6NDk7czoxMToidG93bl85MS5wbmciO2k6NTA7czoxMDoidG93bl8wLnBuZyI7aTo1MTtzOjEyOiJ0b3duXzExMC5wbmciO2k6NTI7czoxMjoidG93bl8xMTEucG5nIjtpOjUzO3M6MTI6InRvd25fMTEyLnBuZyI7aTo1NDtzOjEyOiJ0b3duXzExNy5wbmciO2k6NTU7czoxMjoidG93bl8xMTgucG5nIjtpOjU2O3M6MTI6InRvd25fMTE5LnBuZyI7aTo1NztzOjExOiJ0b3duXzk5LnBuZyI7aTo1ODtzOjEyOiJ0b3duXzEwMC5wbmciO2k6NTk7czoxMToidG93bl85NS5wbmciO2k6NjA7czoxMToidG93bl85Ni5wbmciO2k6NjE7czoxMToidG93bl85Ny5wbmciO2k6NjI7czoxMToidG93bl85OC5wbmciO2k6NjM7czoxMjoidG93bl8xMjYucG5nIjtpOjY0O3M6MTI6InRvd25fMTI3LnBuZyI7aTo2NTtzOjEyOiJ0b3duXzEyOC5wbmciO2k6NjY7czoxMjoidG93bl8xMjAucG5nIjtpOjY3O3M6MTI6InRvd25fMTIxLnBuZyI7aTo2ODtzOjEyOiJ0b3duXzEwNC5wbmciO2k6Njk7czoxMjoidG93bl8xMDUucG5nIjtpOjcwO3M6MTI6InRvd25fMTA2LnBuZyI7aTo3MTtzOjEyOiJ0b3duXzEwNy5wbmciO2k6NzI7czoxMjoidG93bl8xMzUucG5nIjtpOjczO3M6MTI6InRvd25fMTM2LnBuZyI7aTo3NDtzOjEyOiJ0b3duXzEzNy5wbmciO2k6NzU7czoxMjoidG93bl8xMjkucG5nIjtpOjc2O3M6MTI6InRvd25fMTMwLnBuZyI7aTo3NztzOjEyOiJ0b3duXzExMy5wbmciO2k6Nzg7czoxMjoidG93bl8xMTQucG5nIjtpOjc5O3M6MTI6InRvd25fMTE1LnBuZyI7aTo4MDtzOjEyOiJ0b3duXzExNi5wbmciO2k6ODE7czoxMjoidG93bl8xMjIucG5nIjtpOjgyO3M6MTI6InRvd25fMTIzLnBuZyI7aTo4MztzOjEyOiJ0b3duXzEyNC5wbmciO2k6ODQ7czoxMjoidG93bl8xMzgucG5nIjtpOjg1O3M6MTI6InRvd25fMTM5LnBuZyI7aTo4NjtzOjEyOiJ0b3duXzE0NC5wbmciO2k6ODc7czoxMjoidG93bl8xNDUucG5nIjtpOjg4O3M6MTI6InRvd25fMTQ2LnBuZyI7aTo4OTtzOjEyOiJ0b3duXzE0Ny5wbmciO2k6OTA7czoxMjoidG93bl8xMzEucG5nIjtpOjkxO3M6MTI6InRvd25fMTMyLnBuZyI7aTo5MjtzOjEyOiJ0b3duXzEzMy5wbmciO2k6OTM7czoxMDoidG93bl8wLnBuZyI7aTo5NDtzOjEwOiJ0b3duXzAucG5nIjtpOjk1O3M6MTI6InRvd25fMTUzLnBuZyI7aTo5NjtzOjEyOiJ0b3duXzE1NC5wbmciO2k6OTc7czoxMjoidG93bl8xNTUucG5nIjtpOjk4O3M6MTI6InRvd25fMTU2LnBuZyI7aTo5OTtzOjEyOiJ0b3duXzE0MC5wbmciO2k6MTAwO3M6MTI6InRvd25fMTQxLnBuZyI7aToxMDE7czoxMjoidG93bl8xNDIucG5nIjtpOjEwMjtzOjEwOiJ0b3duXzAucG5nIjtpOjEwMztzOjEwOiJ0b3duXzAucG5nIjtpOjEwNDtzOjEyOiJ0b3duXzE2Mi5wbmciO2k6MTA1O3M6MTI6InRvd25fMTYzLnBuZyI7aToxMDY7czoxMjoidG93bl8xNjQucG5nIjtpOjEwNztzOjEyOiJ0b3duXzE2NS5wbmciO2k6MTA4O3M6MTA6InRvd25fMC5wbmciO2k6MTA5O3M6MTA6InRvd25fMC5wbmciO2k6MTEwO3M6MTA6InRvd25fMC5wbmciO2k6MTExO3M6MTA6InRvd25fMC5wbmciO2k6MTEyO3M6MTA6InRvd25fMC5wbmciO2k6MTEzO3M6MTI6InRvd25fMTcxLnBuZyI7aToxMTQ7czoxMjoidG93bl8xNzIucG5nIjtpOjExNTtzOjEyOiJ0b3duXzE3My5wbmciO2k6MTE2O3M6MTI6InRvd25fMTc0LnBuZyI7aToxMTc7czoxMDoidG93bl8wLnBuZyI7aToxMTg7czoxMDoidG93bl8wLnBuZyI7aToxMTk7czoxMDoidG93bl8wLnBuZyI7aToxMjA7czoxMDoidG93bl8wLnBuZyI7aToxMjE7czoxMDoidG93bl8wLnBuZyI7aToxMjI7czoxMDoidG93bl8wLnBuZyI7aToxMjM7czoxMDoidG93bl8wLnBuZyI7aToxMjQ7czoxMDoidG93bl8wLnBuZyI7aToxMjU7czoxMDoidG93bl8wLnBuZyI7aToxMjY7czoxMDoidG93bl8wLnBuZyI7aToxMjc7czoxMDoidG93bl8wLnBuZyI7aToxMjg7czoxMDoidG93bl8wLnBuZyI7aToxMjk7czoxMDoidG93bl8wLnBuZyI7aToxMzA7czoxMDoidG93bl8wLnBuZyI7aToxMzE7czoxMDoidG93bl8wLnBuZyI7aToxMzI7czoxMDoidG93bl8wLnBuZyI7aToxMzM7czoxMDoidG93bl8wLnBuZyI7aToxMzQ7czoxMDoidG93bl8wLnBuZyI7aToxMzU7czoxMDoidG93bl8wLnBuZyI7aToxMzY7czoxMDoidG93bl8wLnBuZyI7aToxMzc7czoxMDoidG93bl8wLnBuZyI7aToxMzg7czoxMDoidG93bl8wLnBuZyI7aToxMzk7czoxMDoidG93bl8wLnBuZyI7aToxNDA7czoxMDoidG93bl8wLnBuZyI7aToxNDE7czoxMDoidG93bl8wLnBuZyI7aToxNDI7czoxMDoidG93bl8wLnBuZyI7aToxNDM7czoxMDoidG93bl8wLnBuZyI7aToxNDQ7czoxMDoidG93bl8wLnBuZyI7aToxNDU7czoxMDoidG93bl8wLnBuZyI7aToxNDY7czoxMDoidG93bl8wLnBuZyI7aToxNDc7czoxMDoidG93bl8wLnBuZyI7aToxNDg7czoxMDoidG93bl8wLnBuZyI7aToxNDk7czoxMDoidG93bl8wLnBuZyI7aToxNTA7czoxMDoidG93bl8wLnBuZyI7aToxNTE7czoxMDoidG93bl8wLnBuZyI7aToxNTI7czoxMDoidG93bl8wLnBuZyI7aToxNTM7czoxMDoidG93bl8wLnBuZyI7aToxNTQ7czoxMDoidG93bl8wLnBuZyI7aToxNTU7czoxMDoidG93bl8wLnBuZyI7aToxNTY7czoxMDoidG93bl8wLnBuZyI7aToxNTc7czoxMDoidG93bl8wLnBuZyI7aToxNTg7czoxMDoidG93bl8wLnBuZyI7aToxNTk7czoxMDoidG93bl8wLnBuZyI7aToxNjA7czoxMDoidG93bl8wLnBuZyI7aToxNjE7czoxMDoidG93bl8wLnBuZyI7aToxNjI7czoxMDoidG93bl8wLnBuZyI7aToxNjM7czoxMDoidG93bl8wLnBuZyI7aToxNjQ7czoxMDoidG93bl8wLnBuZyI7aToxNjU7czoxMDoidG93bl8wLnBuZyI7aToxNjY7czoxMDoidG93bl8wLnBuZyI7aToxNjc7czoxMDoidG93bl8wLnBuZyI7aToxNjg7czoxMDoidG93bl8wLnBuZyI7aToxNjk7czoxMDoidG93bl8wLnBuZyI7aToxNzA7czoxMDoidG93bl8wLnBuZyI7aToxNzE7czoxMDoidG93bl8wLnBuZyI7aToxNzI7czoxMDoidG93bl8wLnBuZyI7aToxNzM7czoxMDoidG93bl8wLnBuZyI7aToxNzQ7czoxMDoidG93bl8wLnBuZyI7aToxNzU7czoxMDoidG93bl8wLnBuZyI7aToxNzY7czoxMDoidG93bl8wLnBuZyI7aToxNzc7czoxMDoidG93bl8wLnBuZyI7aToxNzg7czoxMDoidG93bl8wLnBuZyI7aToxNzk7czoxMDoidG93bl8wLnBuZyI7aToxODA7czoxMDoidG93bl8wLnBuZyI7aToxODE7czoxMDoidG93bl8wLnBuZyI7aToxODI7czoxMDoidG93bl8wLnBuZyI7aToxODM7czoxMDoidG93bl8wLnBuZyI7aToxODQ7czoxMDoidG93bl8wLnBuZyI7aToxODU7czoxMDoidG93bl8wLnBuZyI7aToxODY7czoxMDoidG93bl8wLnBuZyI7aToxODc7czoxMDoidG93bl8wLnBuZyI7aToxODg7czoxMDoidG93bl8wLnBuZyI7aToxODk7czoxMDoidG93bl8wLnBuZyI7aToxOTA7czoxMDoidG93bl8wLnBuZyI7aToxOTE7czoxMDoidG93bl8wLnBuZyI7aToxOTI7czoxMDoidG93bl8wLnBuZyI7aToxOTM7czoxMDoidG93bl8wLnBuZyI7aToxOTQ7czoxMDoidG93bl8wLnBuZyI7aToxOTU7czoxMDoidG93bl8wLnBuZyI7aToxOTY7czoxMDoidG93bl8wLnBuZyI7aToxOTc7czoxMDoidG93bl8wLnBuZyI7aToxOTg7czoxMDoidG93bl8wLnBuZyI7aToxOTk7czoxMDoidG93bl8wLnBuZyI7aToyMDA7czoxMDoidG93bl8wLnBuZyI7aToyMDE7czoxMDoidG93bl8wLnBuZyI7aToyMDI7czoxMDoidG93bl8wLnBuZyI7aToyMDM7czoxMDoidG93bl8wLnBuZyI7aToyMDQ7czoxMDoidG93bl8wLnBuZyI7aToyMDU7czoxMDoidG93bl8wLnBuZyI7aToyMDY7czoxMDoidG93bl8wLnBuZyI7aToyMDc7czoxMDoidG93bl8wLnBuZyI7aToyMDg7czoxMDoidG93bl8wLnBuZyI7aToyMDk7czoxMDoidG93bl8wLnBuZyI7aToyMTA7czoxMDoidG93bl8wLnBuZyI7aToyMTE7czoxMDoidG93bl8wLnBuZyI7aToyMTI7czoxMDoidG93bl8wLnBuZyI7aToyMTM7czoxMDoidG93bl8wLnBuZyI7aToyMTQ7czoxMDoidG93bl8wLnBuZyI7aToyMTU7czoxMDoidG93bl8wLnBuZyI7aToyMTY7czoxMDoidG93bl8wLnBuZyI7aToyMTc7czoxMDoidG93bl8wLnBuZyI7aToyMTg7czoxMDoidG93bl8wLnBuZyI7aToyMTk7czoxMDoidG93bl8wLnBuZyI7aToyMjA7czoxMDoidG93bl8wLnBuZyI7aToyMjE7czoxMDoidG93bl8wLnBuZyI7aToyMjI7czoxMDoidG93bl8wLnBuZyI7aToyMjM7czoxMDoidG93bl8wLnBuZyI7aToyMjQ7czoxMDoidG93bl8wLnBuZyI7aToyMjU7czoxMDoidG93bl8wLnBuZyI7aToyMjY7czoxMDoidG93bl8wLnBuZyI7aToyMjc7czoxMDoidG93bl8wLnBuZyI7aToyMjg7czoxMDoidG93bl8wLnBuZyI7aToyMjk7czoxMDoidG93bl8wLnBuZyI7aToyMzA7czoxMDoidG93bl8wLnBuZyI7aToyMzE7czoxMDoidG93bl8wLnBuZyI7aToyMzI7czoxMDoidG93bl8wLnBuZyI7aToyMzM7czoxMDoidG93bl8wLnBuZyI7aToyMzQ7czoxMDoidG93bl8wLnBuZyI7aToyMzU7czoxMDoidG93bl8wLnBuZyI7aToyMzY7czoxMDoidG93bl8wLnBuZyI7aToyMzc7czoxMDoidG93bl8wLnBuZyI7aToyMzg7czoxMDoidG93bl8wLnBuZyI7aToyMzk7czoxMDoidG93bl8wLnBuZyI7aToyNDA7czoxMDoidG93bl8wLnBuZyI7aToyNDE7czoxMDoidG93bl8wLnBuZyI7aToyNDI7czoxMDoidG93bl8wLnBuZyI7aToyNDM7czoxMDoidG93bl8wLnBuZyI7aToyNDQ7czoxMDoidG93bl8wLnBuZyI7aToyNDU7czoxMDoidG93bl8wLnBuZyI7aToyNDY7czoxMDoidG93bl8wLnBuZyI7aToyNDc7czoxMDoidG93bl8wLnBuZyI7aToyNDg7czoxMDoidG93bl8wLnBuZyI7aToyNDk7czoxMDoidG93bl8wLnBuZyI7aToyNTA7czoxMDoidG93bl8wLnBuZyI7aToyNTE7czoxMDoidG93bl8wLnBuZyI7aToyNTI7czoxMDoidG93bl8wLnBuZyI7aToyNTM7czoxMDoidG93bl8wLnBuZyI7aToyNTQ7czoxMDoidG93bl8wLnBuZyI7aToyNTU7czoxMDoidG93bl8wLnBuZyI7aToyNTY7czoxMDoidG93bl8wLnBuZyI7aToyNTc7czoxMDoidG93bl8wLnBuZyI7aToyNTg7czoxMDoidG93bl8wLnBuZyI7aToyNTk7czoxMDoidG93bl8wLnBuZyI7aToyNjA7czoxMDoidG93bl8wLnBuZyI7fWk6MTthOjI2MTp7aTowO2k6MDtpOjE7aToxO2k6MjtpOjA7aTozO2k6MTtpOjQ7aToxO2k6NTtpOjE7aTo2O2k6MjtpOjc7aToyO2k6ODtpOjA7aTo5O2k6MDtpOjEwO2k6MTtpOjExO2k6MDtpOjEyO2k6MTtpOjEzO2k6MTtpOjE0O2k6MTtpOjE1O2k6MTtpOjE2O2k6MTtpOjE3O2k6MDtpOjE4O2k6MDtpOjE5O2k6MDtpOjIwO2k6MDtpOjIxO2k6MTtpOjIyO2k6MTtpOjIzO2k6MTtpOjI0O2k6MTtpOjI1O2k6MTtpOjI2O2k6MDtpOjI3O2k6MTtpOjI4O2k6MTtpOjI5O2k6MTtpOjMwO2k6MjtpOjMxO2k6MTtpOjMyO2k6MTtpOjMzO2k6MjtpOjM0O2k6MjtpOjM1O2k6MjtpOjM2O2k6MTtpOjM3O2k6MTtpOjM4O2k6MTtpOjM5O2k6MTtpOjQwO2k6MTtpOjQxO2k6MDtpOjQyO2k6MTtpOjQzO2k6MTtpOjQ0O2k6MTtpOjQ1O2k6MTtpOjQ2O2k6MTtpOjQ3O2k6MTtpOjQ4O2k6MTtpOjQ5O2k6MTtpOjUwO2k6MDtpOjUxO2k6MTtpOjUyO2k6MDtpOjUzO2k6MTtpOjU0O2k6MjtpOjU1O2k6MjtpOjU2O2k6MjtpOjU3O2k6MDtpOjU4O2k6MDtpOjU5O2k6MjtpOjYwO2k6MjtpOjYxO2k6MjtpOjYyO2k6MjtpOjYzO2k6MTtpOjY0O2k6MTtpOjY1O2k6MTtpOjY2O2k6MjtpOjY3O2k6MjtpOjY4O2k6MTtpOjY5O2k6MTtpOjcwO2k6MTtpOjcxO2k6MTtpOjcyO2k6MTtpOjczO2k6MDtpOjc0O2k6MTtpOjc1O2k6MTtpOjc2O2k6MTtpOjc3O2k6MDtpOjc4O2k6MTtpOjc5O2k6MTtpOjgwO2k6MDtpOjgxO2k6MjtpOjgyO2k6MjtpOjgzO2k6MjtpOjg0O2k6MTtpOjg1O2k6MDtpOjg2O2k6MjtpOjg3O2k6MjtpOjg4O2k6MjtpOjg5O2k6MjtpOjkwO2k6MTtpOjkxO2k6MTtpOjkyO2k6MTtpOjkzO2k6MDtpOjk0O2k6MDtpOjk1O2k6MTtpOjk2O2k6MTtpOjk3O2k6MTtpOjk4O2k6MTtpOjk5O2k6MTtpOjEwMDtpOjA7aToxMDE7aToxO2k6MTAyO2k6MDtpOjEwMztpOjA7aToxMDQ7aToxO2k6MTA1O2k6MTtpOjEwNjtpOjE7aToxMDc7aToxO2k6MTA4O2k6MDtpOjEwOTtpOjA7aToxMTA7aTowO2k6MTExO2k6MDtpOjExMjtpOjA7aToxMTM7aToxO2k6MTE0O2k6MDtpOjExNTtpOjE7aToxMTY7aToxO2k6MTE3O2k6MDtpOjExODtpOjA7aToxMTk7aTowO2k6MTIwO2k6MDtpOjEyMTtpOjA7aToxMjI7aTowO2k6MTIzO2k6MDtpOjEyNDtpOjA7aToxMjU7aTowO2k6MTI2O2k6MDtpOjEyNztpOjA7aToxMjg7aTowO2k6MTI5O2k6MDtpOjEzMDtpOjA7aToxMzE7aTowO2k6MTMyO2k6MDtpOjEzMztpOjA7aToxMzQ7aTowO2k6MTM1O2k6MDtpOjEzNjtpOjA7aToxMzc7aTowO2k6MTM4O2k6MDtpOjEzOTtpOjA7aToxNDA7aTowO2k6MTQxO2k6MDtpOjE0MjtpOjA7aToxNDM7aTowO2k6MTQ0O2k6MDtpOjE0NTtpOjA7aToxNDY7aTowO2k6MTQ3O2k6MDtpOjE0ODtpOjA7aToxNDk7aTowO2k6MTUwO2k6MDtpOjE1MTtpOjA7aToxNTI7aTowO2k6MTUzO2k6MDtpOjE1NDtpOjA7aToxNTU7aTowO2k6MTU2O2k6MDtpOjE1NztpOjA7aToxNTg7aTowO2k6MTU5O2k6MDtpOjE2MDtpOjA7aToxNjE7aTowO2k6MTYyO2k6MDtpOjE2MztpOjA7aToxNjQ7aTowO2k6MTY1O2k6MDtpOjE2NjtpOjA7aToxNjc7aTowO2k6MTY4O2k6MDtpOjE2OTtpOjA7aToxNzA7aTowO2k6MTcxO2k6MDtpOjE3MjtpOjA7aToxNzM7aTowO2k6MTc0O2k6MDtpOjE3NTtpOjA7aToxNzY7aTowO2k6MTc3O2k6MDtpOjE3ODtpOjA7aToxNzk7aTowO2k6MTgwO2k6MDtpOjE4MTtpOjA7aToxODI7aTowO2k6MTgzO2k6MDtpOjE4NDtpOjA7aToxODU7aTowO2k6MTg2O2k6MDtpOjE4NztpOjA7aToxODg7aTowO2k6MTg5O2k6MDtpOjE5MDtpOjA7aToxOTE7aTowO2k6MTkyO2k6MDtpOjE5MztpOjA7aToxOTQ7aTowO2k6MTk1O2k6MDtpOjE5NjtpOjA7aToxOTc7aTowO2k6MTk4O2k6MDtpOjE5OTtpOjA7aToyMDA7aTowO2k6MjAxO2k6MDtpOjIwMjtpOjA7aToyMDM7aTowO2k6MjA0O2k6MDtpOjIwNTtpOjA7aToyMDY7aTowO2k6MjA3O2k6MDtpOjIwODtpOjA7aToyMDk7aTowO2k6MjEwO2k6MDtpOjIxMTtpOjA7aToyMTI7aTowO2k6MjEzO2k6MDtpOjIxNDtpOjA7aToyMTU7aTowO2k6MjE2O2k6MDtpOjIxNztpOjA7aToyMTg7aTowO2k6MjE5O2k6MDtpOjIyMDtpOjA7aToyMjE7aTowO2k6MjIyO2k6MDtpOjIyMztpOjA7aToyMjQ7aTowO2k6MjI1O2k6MDtpOjIyNjtpOjA7aToyMjc7aTowO2k6MjI4O2k6MDtpOjIyOTtpOjA7aToyMzA7aTowO2k6MjMxO2k6MDtpOjIzMjtpOjA7aToyMzM7aTowO2k6MjM0O2k6MDtpOjIzNTtpOjA7aToyMzY7aTowO2k6MjM3O2k6MDtpOjIzODtpOjA7aToyMzk7aTowO2k6MjQwO2k6MDtpOjI0MTtpOjA7aToyNDI7aTowO2k6MjQzO2k6MDtpOjI0NDtpOjA7aToyNDU7aTowO2k6MjQ2O2k6MDtpOjI0NztpOjA7aToyNDg7aTowO2k6MjQ5O2k6MDtpOjI1MDtpOjA7aToyNTE7aTowO2k6MjUyO2k6MDtpOjI1MztpOjA7aToyNTQ7aTowO2k6MjU1O2k6MDtpOjI1NjtpOjA7aToyNTc7aTowO2k6MjU4O2k6MDtpOjI1OTtpOjA7aToyNjA7aTowO319fQ==', '9');

-- ----------------------------
-- Table structure for phpore_users
-- ----------------------------
DROP TABLE IF EXISTS `phpore_users`;
CREATE TABLE `phpore_users` (
  `id` int(11) NOT NULL AUTO_INCREMENT,
  `name` char(20) NOT NULL DEFAULT '',
  `email` char(30) NOT NULL DEFAULT '',
  `password` char(32) NOT NULL DEFAULT '',
  `admin` tinyint(1) NOT NULL DEFAULT '0',
  `last_visit` int(11) NOT NULL DEFAULT '0',
  `map_last_visit` int(11) NOT NULL DEFAULT '0',
  `teleport` tinyint(1) NOT NULL DEFAULT '0',
  `start_location` char(20) NOT NULL DEFAULT '',
  `refresh` tinyint(1) NOT NULL DEFAULT '0',
  `chatbox_state` char(20) NOT NULL DEFAULT '0,0,0',
  `points` int(11) NOT NULL DEFAULT '0',
  `guild` int(11) NOT NULL DEFAULT '0',
  `allow_music` tinyint(1) NOT NULL DEFAULT '0',
  `vars` char(100) NOT NULL,
  `hp` int(11) NOT NULL DEFAULT '0',
  `hp_max` int(11) NOT NULL DEFAULT '0',
  `mp` int(11) NOT NULL DEFAULT '0',
  `mp_max` int(11) NOT NULL DEFAULT '0',
  `attack` int(11) NOT NULL DEFAULT '0',
  `defense` int(11) NOT NULL DEFAULT '0',
  `mind` int(11) NOT NULL DEFAULT '0',
  `agility` int(11) NOT NULL DEFAULT '0',
  `exp` int(11) NOT NULL DEFAULT '0',
  `level` tinyint(11) unsigned NOT NULL DEFAULT '1',
  `charaset` char(30) NOT NULL DEFAULT '',
  `battler` char(30) NOT NULL DEFAULT '',
  `pic_width` mediumint(9) NOT NULL DEFAULT '0',
  `pic_height` mediumint(9) NOT NULL DEFAULT '0',
  `classname` char(10) NOT NULL DEFAULT '0',
  `biography` char(100) NOT NULL,
  `space` int(11) NOT NULL DEFAULT '0',
  `event_status` char(32) NOT NULL DEFAULT '',
  `event_extra` char(0) NOT NULL,
  `event_script` text NOT NULL,
  `actual_mod` char(20) NOT NULL DEFAULT '',
  `map_id` int(11) NOT NULL DEFAULT '0',
  `map_previous_id` int(11) NOT NULL DEFAULT '0',
  `map_left` int(11) NOT NULL DEFAULT '0',
  `map_top` int(11) NOT NULL DEFAULT '0',
  `map_dir` tinyint(1) NOT NULL DEFAULT '0',
  `map_moves` int(11) NOT NULL DEFAULT '0',
  `map_moves_table` text NOT NULL,
  `map_sid` int(11) NOT NULL DEFAULT '0',
  `battle_id` int(11) NOT NULL DEFAULT '0',
  `battle_state` tinyint(1) NOT NULL DEFAULT '0',
  `battle_speed` int(11) NOT NULL DEFAULT '0',
  `battle_gain_exp` int(11) NOT NULL DEFAULT '0',
  `battle_gain_points` int(11) NOT NULL DEFAULT '0',
  `battle_last_action` int(11) NOT NULL DEFAULT '0',
  PRIMARY KEY (`id`),
  UNIQUE KEY `name` (`name`,`email`) USING BTREE
) ENGINE=InnoDB AUTO_INCREMENT=7 DEFAULT CHARSET=utf8;

-- ----------------------------
-- Records of phpore_users
-- ----------------------------
INSERT INTO `phpore_users` VALUES ('1', '', '', '', '0', '0', '0', '0', '', '0', '0,0,0', '0', '0', '0', 'a:0:{}', '0', '0', '0', '0', '0', '0', '0', '0', '0', '1', '', '', '0', '0', '0', '', '0', '', '', '', '', '0', '0', '0', '0', '0', '0', 'a:0:{}', '0', '0', '0', '0', '0', '0', '0');
INSERT INTO `phpore_users` VALUES ('2', '路漫漫', 'ahmerry@qq.com', 'b59c67bf196a4758191e42f76670ceba', '1', '1486872216', '1486832986', '0', '', '0', '99,115,0', '300', '0', '1', 'a:2:{s:5:\"vault\";d:600;s:4:\"loan\";d:0;}', '582', '34', '0', '0', '528', '518', '180', '235', '0', '1', 'NPC (21).png', 'BAO.png', '96', '96', '猎人', '', '0', '', '', '', 'default', '3', '14', '12', '15', '1', '3049', 'a:17:{i:3033;s:5:\"a19-8\";i:3034;s:5:\"a19-9\";i:3035;s:6:\"a19-10\";i:3036;s:6:\"a20-10\";i:3037;s:6:\"a20-11\";i:3038;s:6:\"a20-12\";i:3039;s:6:\"a19-12\";i:3040;s:6:\"a18-12\";i:3041;s:6:\"a18-13\";i:3042;s:6:\"a17-13\";i:3043;s:6:\"a17-14\";i:3044;s:6:\"a16-14\";i:3045;s:6:\"a15-14\";i:3046;s:6:\"a14-14\";i:3047;s:6:\"a14-15\";i:3048;s:6:\"a13-15\";i:3049;s:6:\"a12-15\";}', '570', '0', '0', '0', '0', '0', '0');
INSERT INTO `phpore_users` VALUES ('3', '狂奔', 'youpi@youpi.com', 'b59c67bf196a4758191e42f76670ceba', '0', '1258317074', '1258317074', '0', '', '1', '0,0,0', '0', '0', '1', 'a:0:{}', '1', '1', '0', '0', '0', '0', '0', '0', '0', '1', 'NPC (21).png', 'BAO.png', '0', '0', '机械师', '', '0', '', '', '', 'map', '19', '14', '3', '4', '2', '87', 'a:17:{i:71;s:4:\"a4-5\";i:72;s:4:\"a5-5\";i:73;s:4:\"a6-5\";i:74;s:4:\"a6-4\";i:75;s:4:\"a6-5\";i:76;s:4:\"a5-5\";i:77;s:4:\"a5-6\";i:78;s:4:\"a5-7\";i:79;s:4:\"a4-7\";i:80;s:4:\"a3-7\";i:81;s:4:\"a3-8\";i:82;s:4:\"a3-9\";i:83;s:5:\"a3-10\";i:84;s:5:\"a3-11\";i:85;s:5:\"a4-11\";i:86;s:5:\"a4-12\";i:87;s:5:\"a4-13\";}', '8', '0', '0', '0', '0', '0', '0');
INSERT INTO `phpore_users` VALUES ('4', 'admin', 'a@a.a', '21232f297a57a5a743894a0e4a801fc3', '0', '1486805047', '1486805047', '0', '', '0', '227,175,1', '0', '0', '1', 'a:0:{}', '1', '1', '0', '0', '0', '0', '0', '0', '0', '1', 'NPC (21).png', 'BAO.png', '96', '96', '猎人', '', '0', '', '', '', 'map', '3', '14', '15', '14', '3', '273', 'a:17:{i:257;s:5:\"a9-16\";i:258;s:6:\"a10-16\";i:259;s:6:\"a11-16\";i:260;s:6:\"a12-16\";i:261;s:6:\"a13-16\";i:262;s:6:\"a14-16\";i:263;s:6:\"a14-15\";i:264;s:6:\"a13-15\";i:265;s:6:\"a13-14\";i:266;s:6:\"a12-14\";i:267;s:6:\"a13-14\";i:268;s:6:\"a14-14\";i:269;s:6:\"a15-14\";i:270;s:6:\"a16-14\";i:271;s:6:\"a15-14\";i:272;s:6:\"a14-14\";i:273;s:6:\"a15-14\";}', '48', '0', '0', '0', '0', '0', '0');
INSERT INTO `phpore_users` VALUES ('5', '零四', '3210555472@qq.com', '0bc651ef7626a7868da4cbfdbe70f96f', '1', '1483937067', '1483937067', '0', '', '1', '17,216,1', '0', '0', '1', 'a:1:{s:5:\"vault\";d:0;}', '598', '46', '0', '0', '117', '118', '41', '55', '0', '1', 'NO (30).png', 'BAO.png', '96', '96', '猎人', '', '0', '', '', '', 'map', '3', '14', '3', '4', '2', '362', 'a:17:{i:346;s:6:\"a13-16\";i:347;s:6:\"a13-15\";i:348;s:6:\"a13-14\";i:349;s:6:\"a14-15\";i:350;s:6:\"a15-15\";i:351;s:6:\"a16-15\";i:352;s:6:\"a16-16\";i:353;s:6:\"a16-17\";i:354;s:6:\"a17-17\";i:355;s:6:\"a17-18\";i:356;s:6:\"a18-18\";i:357;s:6:\"a18-19\";i:358;s:6:\"a19-19\";i:359;s:6:\"a20-19\";i:360;s:6:\"a19-18\";i:361;s:6:\"a19-17\";i:362;s:6:\"a19-16\";}', '29', '0', '0', '0', '0', '0', '0');
INSERT INTO `phpore_users` VALUES ('6', 'wxy', '2@1.1', 'b59c67bf196a4758191e42f76670ceba', '0', '1484412085', '1484412078', '0', '', '1', '189,68,0', '0', '0', '1', 'a:0:{}', '1', '1', '0', '0', '0', '0', '0', '0', '0', '1', 'NO (30).png', 'BAO.png', '0', '0', '战士', '', '0', '', '', '', 'profile', '19', '5', '3', '4', '2', '0', 'a:0:{}', '6', '0', '0', '0', '0', '0', '0');
